{"stats":{"minecraft:custom":{"minecraft:interact_with_crafting_table":121,"minecraft:open_barrel":70,"minecraft:bell_ring":3,"minecraft:eat_cake_slice":18,"minecraft:leave_game":16,"minecraft:time_since_death":21915,"minecraft:damage_blocked_by_shield":13814,"minecraft:play_time":868845,"minecraft:deaths":37,"minecraft:jump":9630,"minecraft:enchant_item":15,"minecraft:interact_with_furnace":37,"minecraft:interact_with_cartography_table":1,"minecraft:sleep_in_bed":32,"minecraft:damage_dealt":75960,"minecraft:interact_with_smoker":4,"minecraft:inspect_dispenser":6,"minecraft:horse_one_cm":1715403,"minecraft:interact_with_smithing_table":1,"minecraft:interact_with_anvil":13,"minecraft:sneak_time":38331,"minecraft:interact_with_lectern":3,"minecraft:interact_with_blast_furnace":16,"minecraft:total_world_time":868845,"minecraft:time_since_rest":21947,"minecraft:swim_one_cm":187616,"minecraft:fly_one_cm":2148068,"minecraft:open_chest":259,"minecraft:fall_one_cm":235777,"minecraft:open_shulker_box":68,"minecraft:damage_resisted":135,"minecraft:sprint_one_cm":2435147,"minecraft:drop":449,"minecraft:talked_to_villager":7,"minecraft:interact_with_brewingstand":9,"minecraft:walk_on_water_one_cm":83580,"minecraft:open_enderchest":37,"minecraft:player_kills":1,"minecraft:crouch_one_cm":123693,"minecraft:mob_kills":429,"minecraft:climb_one_cm":39623,"minecraft:walk_one_cm":1979051,"minecraft:walk_under_water_one_cm":196199,"minecraft:boat_one_cm":541082,"minecraft:damage_taken":29635,"minecraft:damage_absorbed":295,"minecraft:trigger_trapped_chest":1,"minecraft:aviate_one_cm":5294770},"minecraft:dropped":{"minecraft:iron_sword":6,"minecraft:porkchop":8,"minecraft:glass_bottle":2,"minecraft:diamond":6,"minecraft:crossbow":1,"minecraft:glow_berries":2,"minecraft:warped_roots":4,"minecraft:rooted_dirt":12,"minecraft:saddle":1,"minecraft:red_mushroom":5,"minecraft:red_carpet":1,"minecraft:dirt":23,"minecraft:stone_button":2,"minecraft:dark_oak_fence":6,"minecraft:netherite_boots":1,"minecraft:writable_book":1,"minecraft:sand":103,"minecraft:bolt_armor_trim_smithing_template":2,"minecraft:iron_pickaxe":4,"minecraft:dark_oak_planks":1,"minecraft:fishing_rod":2,"minecraft:mangrove_slab":2,"minecraft:bone":34,"minecraft:waxed_cut_copper_slab":1,"minecraft:stone_axe":1,"minecraft:sugar_cane":2,"minecraft:cobbled_deepslate":357,"minecraft:wheat":109,"minecraft:rotten_flesh":92,"minecraft:oak_planks":19,"minecraft:waxed_copper_block":1,"minecraft:tipped_arrow":5,"minecraft:ladder":2,"minecraft:chiseled_tuff":2,"minecraft:warped_wart_block":2,"minecraft:lectern":1,"minecraft:enchanted_book":2,"minecraft:iron_ingot":111,"minecraft:wheat_seeds":16,"minecraft:tnt":17,"minecraft:golden_horse_armor":3,"minecraft:smooth_quartz_stairs":3,"minecraft:dripstone_block":6,"minecraft:oak_fence":1,"minecraft:iron_helmet":1,"minecraft:cobblestone":131,"minecraft:waxed_copper_grate":1,"minecraft:chainmail_helmet":2,"minecraft:coal":107,"minecraft:lava_bucket":2,"minecraft:golden_carrot":7,"minecraft:rose_bush":1,"minecraft:diamond_helmet":1,"minecraft:potion":1,"minecraft:dead_bush":1,"minecraft:jungle_boat":1,"minecraft:smooth_sandstone":48,"minecraft:string":105,"minecraft:lily_pad":8,"minecraft:acacia_planks":13,"minecraft:beetroot_soup":2,"minecraft:purpur_pillar":1,"minecraft:furnace":1,"minecraft:stone_sword":1,"minecraft:cocoa_beans":6,"minecraft:stone_shovel":1,"minecraft:iron_boots":2,"minecraft:name_tag":2,"minecraft:nether_bricks":8,"minecraft:diamond_sword":2,"minecraft:hay_block":31,"minecraft:potato":2,"minecraft:flower_pot":2,"minecraft:waxed_cut_copper":2,"minecraft:stone_bricks":8,"minecraft:spider_eye":1,"minecraft:bamboo":1,"minecraft:sandstone":28,"minecraft:bow":9,"minecraft:red_sand":2,"minecraft:nether_brick_stairs":7,"minecraft:soul_sand":22,"minecraft:dark_oak_stairs":3,"minecraft:warped_fungus":1,"minecraft:ender_pearl":1,"minecraft:decorated_pot":3,"minecraft:jungle_planks":8,"minecraft:iron_horse_armor":2,"minecraft:cut_sandstone":1,"minecraft:gravel":1,"minecraft:purpur_block":4,"minecraft:spyglass":2,"minecraft:twisting_vines":2,"minecraft:pointed_dripstone":2,"minecraft:beetroot":3,"minecraft:honey_bottle":1,"minecraft:skeleton_skull":1,"minecraft:beetroot_seeds":10,"minecraft:melon_seeds":6,"minecraft:azalea":1,"minecraft:iron_ore":16,"minecraft:arrow":9,"minecraft:quartz":7,"minecraft:netherrack":17,"minecraft:stone_hoe":1,"minecraft:water_bucket":4,"minecraft:bread":148,"minecraft:mossy_cobblestone":1,"minecraft:diamond_leggings":3,"minecraft:jungle_wood":19,"minecraft:copper_ingot":8,"minecraft:spruce_stairs":1,"minecraft:grass_block":1,"minecraft:stick":2,"minecraft:smooth_red_sandstone":1,"minecraft:brewing_stand":1,"minecraft:waxed_copper_bulb":1,"minecraft:iron_door":1,"minecraft:iron_leggings":3,"minecraft:bucket":1,"minecraft:chiseled_sandstone":9,"minecraft:redstone":128,"minecraft:polished_deepslate":1,"minecraft:warped_nylium":1,"minecraft:flow_pottery_sherd":1,"minecraft:coarse_dirt":10,"minecraft:tuff":48,"minecraft:raw_iron":38,"minecraft:ender_eye":1,"minecraft:filled_map":2,"minecraft:shield":3,"minecraft:trial_key":4,"minecraft:diamond_chestplate":1,"minecraft:iron_chestplate":2,"minecraft:andesite":17,"minecraft:cake":1,"minecraft:golden_leggings":2,"minecraft:oak_sapling":3,"minecraft:waxed_chiseled_copper":4,"minecraft:diamond_boots":4,"minecraft:stone_pickaxe":1,"minecraft:wooden_pickaxe":2,"minecraft:calcite":7,"minecraft:brick":29},"minecraft:mined":{"minecraft:dark_oak_planks":23,"minecraft:polished_granite_slab":2,"minecraft:cut_sandstone_slab":1,"minecraft:white_bed":2,"minecraft:jungle_leaves":3,"minecraft:red_nether_bricks":5,"minecraft:obsidian":22,"minecraft:red_sand":30,"minecraft:jungle_log":5,"minecraft:purpur_slab":1,"minecraft:nether_wart":40,"minecraft:chiseled_stone_bricks":3,"minecraft:spawner":5,"minecraft:magma_block":3,"minecraft:cobbled_deepslate":21,"minecraft:fire":27,"minecraft:pumpkin":2,"minecraft:deepslate_lapis_ore":4,"minecraft:nether_brick_stairs":4,"minecraft:smooth_red_sandstone":1,"minecraft:twisting_vines":2,"minecraft:green_carpet":4,"minecraft:stripped_mangrove_wood":2,"minecraft:orange_bed":2,"minecraft:jungle_trapdoor":2,"minecraft:cut_sandstone":15,"minecraft:red_bed":1,"minecraft:powder_snow":4,"minecraft:melon":10,"minecraft:dead_bush":28,"minecraft:nether_brick_slab":1,"minecraft:cyan_bed":3,"minecraft:sugar_cane":33,"minecraft:skeleton_skull":2,"minecraft:waxed_copper_bulb":1,"minecraft:jungle_wood":42,"minecraft:wheat":1,"minecraft:lilac":1,"minecraft:waxed_copper_block":14,"minecraft:warped_fungus":2,"minecraft:deepslate":1385,"minecraft:suspicious_gravel":4,"minecraft:mossy_cobblestone":6,"minecraft:dark_oak_log":4,"minecraft:stripped_birch_log":2,"minecraft:shulker_box":30,"minecraft:end_stone":79,"minecraft:nether_bricks":8,"minecraft:dark_oak_fence":3,"minecraft:spruce_fence":1,"minecraft:jungle_planks":2,"minecraft:red_mushroom":1,"minecraft:white_concrete_powder":1,"minecraft:magenta_stained_glass_pane":2,"minecraft:black_stained_glass_pane":5,"minecraft:packed_mud":2,"minecraft:waxed_copper_grate":7,"minecraft:red_sandstone":1,"minecraft:acacia_wood":5,"minecraft:suspicious_sand":5,"minecraft:andesite":25,"minecraft:chiseled_tuff":7,"minecraft:potatoes":1,"minecraft:vine":2,"minecraft:warped_stem":23,"minecraft:smooth_quartz_stairs":3,"minecraft:bamboo":2,"minecraft:ender_chest":9,"minecraft:glass_pane":1,"minecraft:soul_sand":22,"minecraft:smooth_sandstone":40,"minecraft:short_grass":113,"minecraft:warped_roots":4,"minecraft:purpur_pillar":6,"minecraft:tall_grass":2,"minecraft:copper_ore":1,"minecraft:deepslate_gold_ore":28,"minecraft:diorite":4,"minecraft:warped_wart_block":2,"minecraft:coarse_dirt":16,"minecraft:spruce_log":4,"minecraft:mangrove_leaves":2,"minecraft:gravel":13,"minecraft:dripstone_block":6,"minecraft:cobweb":83,"minecraft:acacia_planks":2,"minecraft:stone_bricks":28,"minecraft:fern":7,"minecraft:waxed_cut_copper_slab":1,"minecraft:stone_pressure_plate":1,"minecraft:mossy_stone_brick_slab":1,"minecraft:cobblestone_stairs":1,"minecraft:sculk_vein":1,"minecraft:end_stone_brick_wall":1,"minecraft:brewing_stand":2,"minecraft:cave_vines_plant":1,"minecraft:grass_block":18,"minecraft:tuff_bricks":10,"minecraft:iron_ore":40,"minecraft:polished_tuff":6,"minecraft:anvil":3,"minecraft:azure_bluet":1,"minecraft:dark_oak_stairs":4,"minecraft:iron_bars":2,"minecraft:azalea_leaves":3,"minecraft:end_stone_bricks":47,"minecraft:green_bed":2,"minecraft:waxed_cut_copper":4,"minecraft:deepslate_redstone_ore":25,"minecraft:polished_blackstone_wall":1,"minecraft:twisting_vines_plant":8,"minecraft:melon_stem":1,"minecraft:orange_terracotta":3,"minecraft:purpur_stairs":1,"minecraft:calcite":24,"minecraft:chest":1,"minecraft:nether_quartz_ore":8,"minecraft:cobblestone":11,"minecraft:oak_planks":1,"minecraft:waxed_chiseled_copper":2,"minecraft:iron_door":4,"minecraft:wall_torch":10,"minecraft:warped_nylium":14,"minecraft:light_gray_wool":1,"minecraft:tnt":9,"minecraft:purpur_block":17,"minecraft:smooth_stone_slab":6,"minecraft:cracked_deepslate_tiles":1,"minecraft:oak_log":26,"minecraft:beetroots":1,"minecraft:sand":122,"minecraft:dirt":4,"minecraft:infested_cracked_stone_bricks":2,"minecraft:netherrack":700,"minecraft:ancient_debris":1,"minecraft:oak_leaves":13,"minecraft:red_carpet":3,"minecraft:tuff":67,"minecraft:deepslate_diamond_ore":117,"minecraft:ladder":1,"minecraft:decorated_pot":68,"minecraft:white_stained_glass":1,"minecraft:sandstone":17,"minecraft:hay_block":274,"minecraft:furnace":3,"minecraft:carrots":1,"minecraft:nether_sprouts":1,"minecraft:chiseled_sandstone":7,"minecraft:gold_block":4,"minecraft:nether_brick_fence":2,"minecraft:polished_deepslate":11,"minecraft:bookshelf":61,"minecraft:deepslate_iron_ore":27,"minecraft:stripped_acacia_log":15,"minecraft:stripped_oak_log":1,"minecraft:chorus_plant":3,"minecraft:oxidized_copper_bulb":1,"minecraft:stone":189,"minecraft:magenta_stained_glass":1,"minecraft:infested_stone_bricks":2,"minecraft:polished_granite":1,"minecraft:oak_fence":2,"minecraft:crafting_table":20,"minecraft:rose_bush":1,"minecraft:lectern":2,"minecraft:spruce_stairs":2,"minecraft:lime_bed":2,"minecraft:cactus":2,"minecraft:sweet_berry_bush":3,"minecraft:black_wall_banner":1,"minecraft:gray_bed":1,"minecraft:white_wall_banner":1,"minecraft:yellow_bed":3,"minecraft:mangrove_slab":2,"minecraft:coal_ore":50,"minecraft:end_rod":4,"minecraft:flower_pot":1,"minecraft:cracked_stone_bricks":4,"minecraft:mossy_stone_bricks":12},"minecraft:picked_up":{"minecraft:iron_chestplate":4,"minecraft:flower_pot":4,"minecraft:anvil":3,"minecraft:diamond_sword":10,"minecraft:wither_rose":1,"minecraft:enchanted_book":3,"minecraft:brewing_stand":6,"minecraft:amethyst_block":1,"minecraft:polished_deepslate":12,"minecraft:string":469,"minecraft:red_nether_bricks":15,"minecraft:beetroot_soup":4,"minecraft:beetroot":7,"minecraft:diamond_leggings":4,"minecraft:gold_nugget":7,"minecraft:cobbled_deepslate":1902,"minecraft:trial_key":19,"minecraft:enchanted_golden_apple":6,"minecraft:melon_slice":52,"minecraft:golden_helmet":2,"minecraft:green_bed":3,"minecraft:purpur_pillar":6,"minecraft:waxed_copper_grate":4,"minecraft:orange_bed":2,"minecraft:stone_sword":1,"minecraft:honey_bottle":4,"minecraft:iron_block":1,"minecraft:end_rod":4,"minecraft:waxed_cut_copper":2,"minecraft:blaze_rod":21,"minecraft:iron_bars":2,"minecraft:magma_block":2,"minecraft:feather":1,"minecraft:iron_door":3,"minecraft:water_bucket":7,"minecraft:jungle_log":8,"minecraft:jungle_wood":83,"minecraft:mangrove_slab":6,"minecraft:twisting_vines":11,"minecraft:dark_oak_sign":3,"minecraft:rabbit":1,"minecraft:diamond_helmet":12,"minecraft:warped_wart_block":2,"minecraft:dark_oak_log":8,"minecraft:stripped_acacia_log":15,"minecraft:polished_granite_slab":2,"minecraft:chainmail_helmet":2,"minecraft:golden_horse_armor":3,"minecraft:bread":130,"minecraft:rooted_dirt":12,"minecraft:dark_oak_fence":8,"minecraft:ominous_trial_key":3,"minecraft:diamond_pickaxe":13,"minecraft:crafting_table":18,"minecraft:coarse_dirt":19,"minecraft:ominous_bottle":3,"minecraft:nether_wart":55,"minecraft:purpur_block":19,"minecraft:wind_charge":25,"minecraft:cornflower":4,"minecraft:jungle_trapdoor":2,"minecraft:elytra":3,"minecraft:polished_blackstone_wall":1,"minecraft:beef":3,"minecraft:chiseled_tuff":5,"minecraft:poppy":6,"minecraft:iron_nugget":2,"minecraft:guster_pottery_sherd":1,"minecraft:chest":2,"minecraft:sandstone":74,"minecraft:fire_charge":2,"minecraft:flow_pottery_sherd":1,"minecraft:cake":12,"minecraft:carrot":8,"minecraft:redstone":496,"minecraft:tnt":60,"minecraft:stone_shovel":1,"minecraft:diamond_chestplate":9,"minecraft:decorated_pot":25,"minecraft:beetroot_seeds":3,"minecraft:diamond_boots":14,"minecraft:hay_block":651,"minecraft:gold_ingot":248,"minecraft:totem_of_undying":10,"minecraft:tuff_bricks":9,"minecraft:glow_berries":8,"minecraft:mutton":1,"minecraft:white_wool":6,"minecraft:stripped_oak_log":1,"minecraft:lime_bed":2,"minecraft:smooth_red_sandstone":1,"minecraft:red_mushroom":5,"minecraft:acacia_wood":10,"minecraft:filled_map":2,"minecraft:purpur_stairs":1,"minecraft:oak_log":25,"minecraft:lily_pad":24,"minecraft:ancient_debris":1,"minecraft:white_banner":2,"minecraft:apple":43,"minecraft:stone_bricks":19,"minecraft:warped_stem":22,"minecraft:stone_pickaxe":2,"minecraft:iron_ore":46,"minecraft:gray_bed":1,"minecraft:iron_sword":10,"minecraft:dark_oak_stairs":17,"minecraft:dark_oak_slab":3,"minecraft:sweet_berries":5,"minecraft:spyglass":5,"minecraft:gravel":1,"minecraft:spruce_log":2,"minecraft:polished_tuff":5,"minecraft:dragon_egg":1,"minecraft:oak_wood":8,"minecraft:stone_axe":2,"minecraft:diamond_axe":10,"minecraft:warped_roots":7,"minecraft:melon_seeds":9,"minecraft:warped_nylium":4,"minecraft:ender_pearl":34,"minecraft:shulker_shell":31,"minecraft:wheat":149,"minecraft:nether_brick_fence":1,"minecraft:ender_chest":5,"minecraft:potion":10,"minecraft:waxed_cut_copper_slab":3,"minecraft:iron_leggings":14,"minecraft:experience_bottle":4,"minecraft:red_sand":27,"minecraft:comparator":2,"minecraft:bucket":6,"minecraft:rose_bush":6,"minecraft:calcite":37,"minecraft:ender_eye":11,"minecraft:azalea":3,"minecraft:iron_pickaxe":7,"minecraft:smooth_quartz_stairs":9,"minecraft:iron_boots":3,"minecraft:furnace":6,"minecraft:tipped_arrow":5,"minecraft:stick":39,"minecraft:oak_fence":3,"minecraft:torch":20,"minecraft:spruce_stairs":3,"minecraft:porkchop":51,"minecraft:pointed_dripstone":2,"minecraft:diorite":12,"minecraft:rotten_flesh":126,"minecraft:obsidian":60,"minecraft:cobblestone":585,"minecraft:lilac":6,"minecraft:magma_cream":2,"minecraft:andesite":17,"minecraft:golden_leggings":1,"minecraft:potato":5,"minecraft:magenta_dye":3,"minecraft:tuff":99,"minecraft:lapis_lazuli":22,"minecraft:dirt":33,"minecraft:name_tag":25,"minecraft:bone":140,"minecraft:acacia_planks":2,"minecraft:bow":19,"minecraft:wheat_seeds":27,"minecraft:raw_gold":50,"minecraft:bolt_armor_trim_smithing_template":6,"minecraft:mossy_stone_bricks":2,"minecraft:bamboo":44,"minecraft:scrape_pottery_sherd":3,"minecraft:oak_planks":37,"minecraft:cooked_porkchop":40,"minecraft:waxed_chiseled_copper":4,"minecraft:sand":242,"minecraft:jungle_planks":14,"minecraft:mossy_cobblestone":7,"minecraft:nether_brick_stairs":8,"minecraft:dead_bush":1,"minecraft:grass_block":2,"minecraft:cyan_bed":10,"minecraft:shulker_box":30,"minecraft:chiseled_sandstone":16,"minecraft:diamond":209,"minecraft:crossbow":1,"minecraft:golden_apple":6,"minecraft:emerald":356,"minecraft:oak_sapling":6,"minecraft:netherrack":488,"minecraft:chorus_fruit":33,"minecraft:end_stone_bricks":46,"minecraft:fishing_rod":4,"minecraft:cocoa_beans":6,"minecraft:ladder":3,"minecraft:wooden_pickaxe":2,"minecraft:gold_block":4,"minecraft:brick":100,"minecraft:shield":7,"minecraft:end_stone_brick_wall":1,"minecraft:iron_axe":1,"minecraft:cyan_carpet":7,"minecraft:oak_boat":3,"minecraft:player_head":1,"minecraft:light_gray_wool":5,"minecraft:lectern":4,"minecraft:sugar_cane":111,"minecraft:raw_iron":117,"minecraft:end_stone":75,"minecraft:stripped_mangrove_wood":4,"minecraft:copper_ingot":32,"minecraft:stone_button":2,"minecraft:light_blue_bed":1,"minecraft:iron_horse_armor":2,"minecraft:stone_pressure_plate":1,"minecraft:dark_oak_planks":25,"minecraft:arrow":342,"minecraft:pumpkin_pie":28,"minecraft:nether_bricks":8,"minecraft:saddle":10,"minecraft:black_banner":5,"minecraft:skeleton_skull":1,"minecraft:netherite_boots":1,"minecraft:jungle_boat":22,"minecraft:golden_carrot":96,"minecraft:cut_sandstone":8,"minecraft:waxed_copper_bulb":2,"minecraft:waxed_copper_block":15,"minecraft:yellow_bed":3,"minecraft:gunpowder":296,"minecraft:orange_terracotta":6,"minecraft:smooth_sandstone":86,"minecraft:red_carpet":1,"minecraft:gray_carpet":15,"minecraft:iron_ingot":372,"minecraft:cooked_chicken":2,"minecraft:soul_sand":40,"minecraft:book":252,"minecraft:warped_fungus":1,"minecraft:pumpkin":1,"minecraft:quartz":7,"minecraft:dripstone_block":6,"minecraft:lava_bucket":2,"minecraft:blast_furnace":1,"minecraft:white_bed":3,"minecraft:nether_brick_slab":1,"minecraft:spider_eye":12,"minecraft:iron_helmet":2,"minecraft:black_wool":1,"minecraft:coal":202},"minecraft:broken":{"minecraft:diamond_helmet":1,"minecraft:iron_leggings":1,"minecraft:shield":3},"minecraft:used":{"minecraft:beetroot":1,"minecraft:chiseled_tuff":1,"minecraft:elytra":33,"minecraft:ladder":1,"minecraft:chest":4,"minecraft:rotten_flesh":3,"minecraft:soul_sand":18,"minecraft:lava_bucket":25,"minecraft:grass_block":1,"minecraft:bow":468,"minecraft:ominous_bottle":1,"minecraft:sweet_berries":5,"minecraft:furnace":4,"minecraft:diorite":2,"minecraft:end_stone_bricks":9,"minecraft:chorus_fruit":23,"minecraft:wooden_pickaxe":92,"minecraft:purpur_pillar":3,"minecraft:jungle_boat":24,"minecraft:stripped_mangrove_wood":2,"minecraft:golden_apple":4,"minecraft:glow_berries":5,"minecraft:sand":23,"minecraft:blast_furnace":1,"minecraft:lectern":1,"minecraft:diamond_sword":1122,"minecraft:oak_boat":3,"minecraft:iron_bars":1,"minecraft:enchanting_table":1,"minecraft:stone_sword":85,"minecraft:trial_key":5,"minecraft:polished_blackstone_wall":1,"minecraft:netherrack":287,"minecraft:orange_bed":2,"minecraft:torch":48,"minecraft:anvil":4,"minecraft:twisting_vines":9,"minecraft:golden_shovel":43,"minecraft:jungle_trapdoor":6,"minecraft:iron_axe":89,"minecraft:totem_of_undying":3,"minecraft:diamond_chestplate":34,"minecraft:acacia_planks":5,"minecraft:cobbled_deepslate":704,"minecraft:orange_terracotta":1,"minecraft:calcite":5,"minecraft:water_bucket":30,"minecraft:crafting_table":33,"minecraft:white_bed":5,"minecraft:cake":4,"minecraft:ender_eye":23,"minecraft:diamond_pickaxe":2915,"minecraft:ominous_trial_key":3,"minecraft:diamond_shovel":46,"minecraft:wind_charge":9,"minecraft:iron_pickaxe":165,"minecraft:cobblestone":39,"minecraft:potion":2,"minecraft:porkchop":2,"minecraft:cooked_porkchop":24,"minecraft:diamond_leggings":1,"minecraft:red_sand":25,"minecraft:iron_shovel":27,"minecraft:polished_deepslate":3,"minecraft:decorated_pot":12,"minecraft:shield":217,"minecraft:iron_sword":8,"minecraft:nether_wart":18,"minecraft:iron_chestplate":3,"minecraft:jungle_planks":13,"minecraft:carrot":11,"minecraft:waxed_copper_grate":2,"minecraft:tuff":29,"minecraft:obsidian":2,"minecraft:milk_bucket":2,"minecraft:honey_bottle":2,"minecraft:glass":4,"minecraft:lantern":1,"minecraft:warped_nylium":3,"minecraft:iron_helmet":1,"minecraft:stone_bricks":11,"minecraft:magma_block":1,"minecraft:hay_block":21,"minecraft:gray_bed":1,"minecraft:diamond_boots":8,"minecraft:stone_pickaxe":160,"minecraft:oak_planks":2,"minecraft:ender_pearl":16,"minecraft:sandstone":9,"minecraft:diamond_axe":276,"minecraft:crossbow":2,"minecraft:end_stone":51,"minecraft:firework_rocket":140,"minecraft:dark_oak_log":1,"minecraft:melon_slice":41,"minecraft:bread":243,"minecraft:cyan_bed":3,"minecraft:coarse_dirt":6,"minecraft:waxed_copper_bulb":1,"minecraft:experience_bottle":50,"minecraft:flint_and_steel":1,"minecraft:redstone":2,"minecraft:ender_chest":4,"minecraft:stone_hoe":121,"minecraft:cooked_chicken":2,"minecraft:end_stone_brick_wall":1,"minecraft:dirt":2,"minecraft:diamond_helmet":3,"minecraft:shulker_box":14,"minecraft:dark_oak_planks":6,"minecraft:bookshelf":15,"minecraft:acacia_slab":6,"minecraft:smooth_sandstone":28,"minecraft:iron_boots":5,"minecraft:light_gray_wool":2,"minecraft:golden_carrot":19,"minecraft:enchanted_golden_apple":1,"minecraft:beetroot_soup":1,"minecraft:iron_leggings":3,"minecraft:iron_ore":28,"minecraft:amethyst_block":1,"minecraft:red_nether_bricks":5,"minecraft:cut_sandstone":6,"minecraft:green_bed":1,"minecraft:warped_roots":2,"minecraft:lime_bed":2,"minecraft:warped_planks":14,"minecraft:black_wool":1,"minecraft:apple":9,"minecraft:stone_axe":135,"minecraft:bucket":56,"minecraft:yellow_bed":3,"minecraft:pumpkin_pie":25},"minecraft:killed_by":{"minecraft:magma_cube":1,"minecraft:vindicator":1,"minecraft:zombie":1,"minecraft:vex":2,"minecraft:husk":25,"minecraft:creeper":1,"minecraft:spider":1},"minecraft:crafted":{"minecraft:ender_chest":2,"minecraft:blaze_powder":16,"minecraft:diamond_shovel":1,"minecraft:bookshelf":3,"minecraft:shulker_box":1,"minecraft:glass":4,"minecraft:diamond_helmet":4,"minecraft:diamond_leggings":2,"minecraft:cooked_porkchop":14,"minecraft:diamond_axe":4,"minecraft:acacia_slab":3,"minecraft:jungle_boat":4,"minecraft:iron_pickaxe":2,"minecraft:stone_shovel":1,"minecraft:stone_pickaxe":2,"minecraft:diamond_boots":3,"minecraft:wheat":549,"minecraft:enchanting_table":1,"minecraft:iron_shovel":1,"minecraft:iron_leggings":3,"minecraft:white_bed":3,"minecraft:oak_planks":74,"minecraft:warped_planks":88,"minecraft:bow":3,"minecraft:chest":4,"minecraft:stone_hoe":1,"minecraft:ender_eye":15,"minecraft:crafting_table":18,"minecraft:spruce_planks":8,"minecraft:wooden_pickaxe":3,"minecraft:iron_helmet":2,"minecraft:iron_chestplate":1,"minecraft:diamond_pickaxe":3,"minecraft:shield":6,"minecraft:stick":69,"minecraft:iron_ingot":37,"minecraft:stone_sword":1,"minecraft:furnace":1,"minecraft:jungle_trapdoor":4,"minecraft:flint_and_steel":1,"minecraft:diamond_sword":4,"minecraft:bucket":2,"minecraft:stone_axe":2,"minecraft:air":0,"minecraft:bread":205,"minecraft:jungle_planks":190,"minecraft:oak_boat":2,"minecraft:white_wool":3,"minecraft:torch":28,"minecraft:diamond_chestplate":3},"minecraft:killed":{"minecraft:cave_spider":33,"minecraft:shulker":53,"minecraft:skeleton":68,"minecraft:chicken":2,"minecraft:magma_cube":5,"minecraft:iron_golem":2,"minecraft:ender_dragon":1,"minecraft:pillager":5,"minecraft:zombie":24,"minecraft:cow":5,"minecraft:evoker":3,"minecraft:vindicator":8,"minecraft:endermite":25,"minecraft:husk":50,"minecraft:enderman":17,"minecraft:zombified_piglin":1,"minecraft:witch":1,"minecraft:spider":21,"minecraft:silverfish":3,"minecraft:piglin_brute":5,"minecraft:piglin":4,"minecraft:pig":13,"minecraft:zombie_villager":2,"minecraft:creeper":3,"minecraft:sheep":3,"minecraft:stray":6,"minecraft:ghast":1,"minecraft:blaze":13,"minecraft:vex":3,"minecraft:drowned":2,"minecraft:hoglin":1,"minecraft:wither_skeleton":15,"minecraft:player":1}},"DataVersion":3955}