{"stats":{"minecraft:mined":{"minecraft:dark_oak_planks":34,"minecraft:white_bed":2,"minecraft:jungle_leaves":61,"minecraft:red_nether_bricks":2,"minecraft:obsidian":9,"minecraft:potted_dead_bush":1,"minecraft:granite":2,"minecraft:red_sand":54,"minecraft:acacia_log":6,"minecraft:jungle_log":30,"minecraft:chiseled_tuff_bricks":2,"minecraft:oxeye_daisy":1,"minecraft:spawner":14,"minecraft:tall_seagrass":7,"minecraft:magma_block":17,"minecraft:dark_oak_trapdoor":1,"minecraft:fire":111,"minecraft:cobbled_deepslate":28,"minecraft:deepslate_lapis_ore":24,"minecraft:smooth_red_sandstone":12,"minecraft:cave_vines":1,"minecraft:spruce_wood":13,"minecraft:stripped_mangrove_wood":5,"minecraft:player_head":13,"minecraft:tripwire":1,"minecraft:orange_bed":2,"minecraft:cut_sandstone":28,"minecraft:brown_mushroom":1,"minecraft:red_bed":18,"minecraft:player_wall_head":2,"minecraft:soul_fire":33,"minecraft:amethyst_cluster":11,"minecraft:powder_snow":1,"minecraft:torch":2,"minecraft:dark_oak_wood":16,"minecraft:blast_furnace":8,"minecraft:melon":11,"minecraft:dead_bush":7,"minecraft:cyan_bed":6,"minecraft:sugar_cane":99,"minecraft:amethyst_block":1,"minecraft:jungle_wood":104,"minecraft:mud":1,"minecraft:wheat":105,"minecraft:lilac":1,"minecraft:waxed_copper_block":4,"minecraft:sandstone_wall":1,"minecraft:smooth_basalt":1,"minecraft:stripped_crimson_stem":21,"minecraft:deepslate":705,"minecraft:dark_prismarine":5,"minecraft:mossy_cobblestone":7,"minecraft:dark_oak_log":115,"minecraft:shulker_box":27,"minecraft:nether_bricks":13,"minecraft:dark_oak_fence":9,"minecraft:jungle_planks":2,"minecraft:moss_block":7,"minecraft:white_concrete_powder":1,"minecraft:waxed_copper_grate":7,"minecraft:red_sandstone":15,"minecraft:acacia_wood":10,"minecraft:suspicious_sand":4,"minecraft:andesite":33,"minecraft:chiseled_tuff":4,"minecraft:potatoes":149,"minecraft:vine":10,"minecraft:bamboo":18,"minecraft:birch_stairs":47,"minecraft:gray_concrete":2,"minecraft:glass_pane":2,"minecraft:cherry_planks":5,"minecraft:soul_sand":63,"minecraft:smooth_sandstone":84,"minecraft:short_grass":314,"minecraft:emerald_ore":1,"minecraft:warped_roots":1,"minecraft:copper_ore":5,"minecraft:tall_grass":16,"minecraft:smooth_red_sandstone_slab":2,"minecraft:deepslate_gold_ore":28,"minecraft:diorite":2,"minecraft:big_dripleaf":1,"minecraft:black_stained_glass":2,"minecraft:coarse_dirt":8,"minecraft:light_blue_bed":5,"minecraft:spruce_log":2,"minecraft:birch_leaves":5,"minecraft:mangrove_leaves":1,"minecraft:dark_prismarine_slab":1,"minecraft:gravel":45,"minecraft:dripstone_block":3,"minecraft:cobweb":73,"minecraft:acacia_planks":1,"minecraft:stone_bricks":6,"minecraft:gold_ore":12,"minecraft:fern":50,"minecraft:large_amethyst_bud":1,"minecraft:spruce_planks":15,"minecraft:stone_pressure_plate":1,"minecraft:farmland":2,"minecraft:jungle_slab":2,"minecraft:sculk_vein":1,"minecraft:brewing_stand":3,"minecraft:cave_vines_plant":1,"minecraft:budding_amethyst":1,"minecraft:grass_block":134,"minecraft:cracked_polished_blackstone_bricks":2,"minecraft:soul_soil":84,"minecraft:tuff_bricks":11,"minecraft:sandstone_stairs":1,"minecraft:iron_ore":51,"minecraft:polished_tuff":4,"minecraft:azure_bluet":2,"minecraft:dark_oak_stairs":1,"minecraft:pointed_dripstone":4,"minecraft:iron_bars":4,"minecraft:black_candle":5,"minecraft:azalea_leaves":57,"minecraft:azalea":1,"minecraft:spruce_slab":2,"minecraft:green_bed":2,"minecraft:waxed_cut_copper":3,"minecraft:deepslate_redstone_ore":23,"minecraft:blackstone":34,"minecraft:twisting_vines_plant":1,"minecraft:orange_terracotta":2,"minecraft:clay":5,"minecraft:calcite":16,"minecraft:chest":3,"minecraft:nether_quartz_ore":8,"minecraft:cobblestone":101,"minecraft:oak_planks":17,"minecraft:iron_door":3,"minecraft:wall_torch":4,"minecraft:cauldron":1,"minecraft:pink_petals":2,"minecraft:seagrass":7,"minecraft:blue_terracotta":2,"minecraft:birch_log":6,"minecraft:birch_trapdoor":1,"minecraft:tnt":13,"minecraft:oak_log":38,"minecraft:beetroots":1,"minecraft:sand":110,"minecraft:dirt":10,"minecraft:crimson_planks":9,"minecraft:netherrack":1564,"minecraft:oak_leaves":6,"minecraft:emerald_block":2,"minecraft:tuff":36,"minecraft:dark_oak_leaves":29,"minecraft:deepslate_diamond_ore":39,"minecraft:blackstone_wall":1,"minecraft:mangrove_roots":1,"minecraft:purple_terracotta":1,"minecraft:decorated_pot":74,"minecraft:mangrove_trapdoor":1,"minecraft:spruce_leaves":1,"minecraft:sandstone":21,"minecraft:rooted_dirt":8,"minecraft:crimson_stem":6,"minecraft:large_fern":5,"minecraft:hay_block":84,"minecraft:furnace":1,"minecraft:chiseled_sandstone":14,"minecraft:peony":3,"minecraft:gold_block":4,"minecraft:nether_brick_fence":2,"minecraft:polished_deepslate":5,"minecraft:bookshelf":46,"minecraft:deepslate_iron_ore":110,"minecraft:chorus_plant":5,"minecraft:stone":720,"minecraft:flowering_azalea":1,"minecraft:infested_stone_bricks":1,"minecraft:basalt":175,"minecraft:crafting_table":13,"minecraft:honey_block":1,"minecraft:oak_wood":12,"minecraft:lily_pad":2,"minecraft:sculk":4,"minecraft:blue_bed":2,"minecraft:spruce_stairs":2,"minecraft:birch_planks":2,"minecraft:lime_bed":4,"minecraft:cactus":1,"minecraft:gray_bed":3,"minecraft:yellow_bed":1,"minecraft:coal_ore":96,"minecraft:gray_carpet":2,"minecraft:cracked_stone_bricks":2,"minecraft:mossy_stone_bricks":5,"minecraft:crimson_fence":17},"minecraft:dropped":{"minecraft:clay":1,"minecraft:iron_sword":11,"minecraft:stripped_mangrove_wood":3,"minecraft:glow_ink_sac":8,"minecraft:glass_bottle":6,"minecraft:diamond":4,"minecraft:crafting_table":1,"minecraft:cooked_porkchop":6,"minecraft:sandstone_stairs":18,"minecraft:red_sandstone":26,"minecraft:crossbow":1,"minecraft:glow_berries":1,"minecraft:cracked_stone_bricks":2,"minecraft:elytra":3,"minecraft:cut_sandstone_slab":1,"minecraft:leather_helmet":2,"minecraft:red_mushroom":4,"minecraft:gold_block":3,"minecraft:dirt":19,"minecraft:gold_nugget":13,"minecraft:bone_meal":1,"minecraft:sand":191,"minecraft:iron_pickaxe":5,"minecraft:dark_oak_planks":4,"minecraft:fishing_rod":1,"minecraft:dark_oak_boat":1,"minecraft:white_wool":1,"minecraft:birch_stairs":1,"minecraft:cyan_carpet":23,"minecraft:bone":80,"minecraft:stone_axe":1,"minecraft:sugar_cane":1,"minecraft:iron_nugget":4,"minecraft:golden_chestplate":1,"minecraft:cobbled_deepslate":56,"minecraft:nether_brick":12,"minecraft:wheat":1,"minecraft:rotten_flesh":190,"minecraft:oak_planks":29,"minecraft:azure_bluet":4,"minecraft:waxed_copper_block":1,"minecraft:salmon":7,"minecraft:charcoal":4,"minecraft:chiseled_tuff":4,"minecraft:warped_wart_block":2,"minecraft:crimson_planks":3,"minecraft:iron_ingot":65,"minecraft:golden_boots":2,"minecraft:wheat_seeds":152,"minecraft:dripstone_block":12,"minecraft:dark_prismarine_slab":1,"minecraft:iron_helmet":3,"minecraft:feather":11,"minecraft:cobblestone":333,"minecraft:book":1,"minecraft:waxed_copper_grate":6,"minecraft:apple":13,"minecraft:golden_apple":5,"minecraft:oxeye_daisy":1,"minecraft:jungle_slab":2,"minecraft:golden_carrot":8,"minecraft:wooden_axe":2,"minecraft:cooked_salmon":27,"minecraft:smooth_sandstone":16,"minecraft:string":114,"minecraft:gray_carpet":25,"minecraft:furnace":1,"minecraft:moss_carpet":2,"minecraft:soul_soil":39,"minecraft:stone_sword":6,"minecraft:iron_boots":4,"minecraft:name_tag":3,"minecraft:nether_bricks":17,"minecraft:diamond_sword":3,"minecraft:big_dripleaf":1,"minecraft:hay_block":42,"minecraft:allium":1,"minecraft:waxed_cut_copper":6,"minecraft:peony":1,"minecraft:spruce_planks":10,"minecraft:diamond_pickaxe":1,"minecraft:spider_eye":10,"minecraft:stone_pressure_plate":2,"minecraft:stone_bricks":12,"minecraft:sandstone":39,"minecraft:bow":6,"minecraft:red_sand":3,"minecraft:nether_brick_stairs":1,"minecraft:soul_sand":43,"minecraft:moss_block":4,"minecraft:baked_potato":175,"minecraft:ender_pearl":4,"minecraft:decorated_pot":5,"minecraft:leather":7,"minecraft:jungle_planks":2,"minecraft:iron_horse_armor":1,"minecraft:flint":2,"minecraft:cracked_polished_blackstone_bricks":2,"minecraft:cherry_trapdoor":4,"minecraft:mutton":1,"minecraft:cut_sandstone":33,"minecraft:gold_ingot":38,"minecraft:gravel":34,"minecraft:blackstone":1,"minecraft:pointed_dripstone":10,"minecraft:beetroot":1,"minecraft:diamond_shovel":2,"minecraft:carrot":1,"minecraft:poppy":1,"minecraft:rabbit_hide":1,"minecraft:gunpowder":4,"minecraft:birch_trapdoor":1,"minecraft:oak_wood":4,"minecraft:azalea":3,"minecraft:chainmail_boots":2,"minecraft:basalt":117,"minecraft:arrow":28,"minecraft:quartz":14,"minecraft:netherrack":857,"minecraft:firework_rocket":37,"minecraft:water_bucket":3,"minecraft:bread":103,"minecraft:lilac":1,"minecraft:poisonous_potato":5,"minecraft:golden_axe":1,"minecraft:polished_tuff":3,"minecraft:tropical_fish":3,"minecraft:spruce_stairs":1,"minecraft:grass_block":1,"minecraft:stick":28,"minecraft:smooth_red_sandstone":14,"minecraft:diorite":1,"minecraft:brown_wool":1,"minecraft:waxed_copper_bulb":1,"minecraft:iron_door":1,"minecraft:iron_leggings":10,"minecraft:jungle_leaves":1,"minecraft:iron_axe":1,"minecraft:cactus":3,"minecraft:pink_petals":4,"minecraft:bucket":5,"minecraft:chiseled_sandstone":4,"minecraft:redstone":19,"minecraft:polished_deepslate":1,"minecraft:kelp":1,"minecraft:tuff_bricks":2,"minecraft:coarse_dirt":1,"minecraft:raw_copper":3,"minecraft:tuff":3,"minecraft:filled_map":4,"minecraft:shield":7,"minecraft:orange_terracotta":29,"minecraft:iron_chestplate":6,"minecraft:andesite":19,"minecraft:cake":1,"minecraft:mossy_stone_bricks":6,"minecraft:golden_leggings":1,"minecraft:waxed_chiseled_copper":1,"minecraft:stone_pickaxe":3,"minecraft:wooden_pickaxe":5,"minecraft:brick":94},"minecraft:used":{"minecraft:beetroot":12,"minecraft:moss_block":1,"minecraft:tuff_bricks":4,"minecraft:spruce_slab":1,"minecraft:elytra":20,"minecraft:poppy":1,"minecraft:chest":9,"minecraft:rotten_flesh":15,"minecraft:soul_sand":25,"minecraft:stripped_spruce_log":1,"minecraft:lava_bucket":134,"minecraft:grass_block":73,"minecraft:dark_oak_leaves":11,"minecraft:bow":219,"minecraft:dark_oak_boat":2,"minecraft:sweet_berries":3,"minecraft:oak_sapling":1,"minecraft:furnace":3,"minecraft:egg":8,"minecraft:potato":76,"minecraft:mossy_stone_bricks":3,"minecraft:chorus_fruit":17,"minecraft:blackstone":91,"minecraft:wooden_pickaxe":248,"minecraft:jungle_boat":2,"minecraft:oak_leaves":4,"minecraft:stripped_mangrove_wood":1,"minecraft:golden_apple":3,"minecraft:glow_berries":1,"minecraft:sand":56,"minecraft:blast_furnace":6,"minecraft:smooth_red_sandstone":1,"minecraft:red_sandstone":3,"minecraft:chiseled_sandstone":10,"minecraft:stone_button":1,"minecraft:chiseled_tuff_bricks":1,"minecraft:diamond_sword":193,"minecraft:dark_oak_fence":9,"minecraft:oak_boat":6,"minecraft:iron_bars":4,"minecraft:stone_sword":137,"minecraft:cooked_salmon":47,"minecraft:trial_key":2,"minecraft:netherrack":688,"minecraft:orange_bed":2,"minecraft:torch":71,"minecraft:iron_axe":954,"minecraft:jungle_log":14,"minecraft:smooth_quartz":6,"minecraft:diamond_chestplate":25,"minecraft:basalt":30,"minecraft:goat_horn":4,"minecraft:cobbled_deepslate":458,"minecraft:acacia_planks":2,"minecraft:golden_axe":48,"minecraft:pointed_dripstone":13,"minecraft:calcite":5,"minecraft:wheat_seeds":136,"minecraft:water_bucket":179,"minecraft:sandstone_stairs":2,"minecraft:cauldron":5,"minecraft:gilded_blackstone":5,"minecraft:salmon":10,"minecraft:tnt":1,"minecraft:crafting_table":39,"minecraft:red_bed":16,"minecraft:white_bed":2,"minecraft:oak_log":6,"minecraft:mud":1,"minecraft:diamond_pickaxe":921,"minecraft:ender_eye":2,"minecraft:diamond_shovel":278,"minecraft:wind_charge":11,"minecraft:iron_pickaxe":3119,"minecraft:cobblestone":265,"minecraft:azalea_leaves":56,"minecraft:potion":7,"minecraft:crimson_stairs":22,"minecraft:cooked_porkchop":12,"minecraft:diamond_leggings":7,"minecraft:red_sand":15,"minecraft:polished_deepslate":4,"minecraft:decorated_pot":13,"minecraft:shield":278,"minecraft:iron_sword":2743,"minecraft:player_head":13,"minecraft:iron_chestplate":23,"minecraft:jungle_planks":94,"minecraft:nether_bricks":2,"minecraft:carrot":22,"minecraft:axolotl_bucket":1,"minecraft:obsidian":16,"minecraft:milk_bucket":1,"minecraft:iron_horse_armor":1,"minecraft:spruce_wood":13,"minecraft:iron_helmet":25,"minecraft:light_blue_bed":4,"minecraft:stone_bricks":3,"minecraft:golden_sword":4,"minecraft:magma_block":15,"minecraft:hay_block":2,"minecraft:gray_bed":2,"minecraft:gold_block":3,"minecraft:skeleton_skull":1,"minecraft:dark_oak_sapling":17,"minecraft:golden_boots":4,"minecraft:diamond_boots":4,"minecraft:stone_pickaxe":270,"minecraft:oak_planks":28,"minecraft:ender_pearl":22,"minecraft:blue_bed":2,"minecraft:crossbow":59,"minecraft:dripstone_block":6,"minecraft:shears":129,"minecraft:redstone_torch":1,"minecraft:waxed_chiseled_copper":1,"minecraft:firework_rocket":33,"minecraft:melon_slice":62,"minecraft:bread":330,"minecraft:dark_oak_log":1,"minecraft:cyan_bed":7,"minecraft:iron_door":1,"minecraft:smooth_red_sandstone_slab":4,"minecraft:andesite":4,"minecraft:coarse_dirt":3,"minecraft:bone_meal":220,"minecraft:experience_bottle":4,"minecraft:azalea":1,"minecraft:jungle_leaves":58,"minecraft:crimson_fence":17,"minecraft:flint_and_steel":11,"minecraft:tropical_fish":1,"minecraft:dried_kelp":1,"minecraft:spruce_planks":1,"minecraft:stone_hoe":30,"minecraft:cooked_chicken":3,"minecraft:dirt":37,"minecraft:spyglass":125,"minecraft:diamond_helmet":1,"minecraft:shulker_box":27,"minecraft:iron_hoe":94,"minecraft:dark_oak_planks":444,"minecraft:smooth_sandstone":6,"minecraft:iron_boots":21,"minecraft:crimson_planks":1,"minecraft:soul_soil":32,"minecraft:cooked_beef":4,"minecraft:iron_leggings":28,"minecraft:cooked_mutton":1,"minecraft:iron_ore":16,"minecraft:baked_potato":244,"minecraft:red_nether_bricks":2,"minecraft:cut_sandstone":2,"minecraft:brown_mushroom":2,"minecraft:green_bed":3,"minecraft:waxed_copper_block":1,"minecraft:jungle_wood":61,"minecraft:lime_bed":3,"minecraft:smoker":1,"minecraft:apple":12,"minecraft:stone_axe":6,"minecraft:pink_petals":6,"minecraft:fishing_rod":9,"minecraft:white_banner":1,"minecraft:bucket":327,"minecraft:yellow_bed":1,"minecraft:sea_pickle":1,"minecraft:birch_stairs":36},"minecraft:picked_up":{"minecraft:wooden_axe":2,"minecraft:iron_chestplate":58,"minecraft:chainmail_boots":3,"minecraft:lead":23,"minecraft:diamond_sword":8,"minecraft:wither_rose":5,"minecraft:enchanted_book":46,"minecraft:brewing_stand":24,"minecraft:golden_sword":1,"minecraft:polished_deepslate":12,"minecraft:string":886,"minecraft:soul_soil":100,"minecraft:red_nether_bricks":2,"minecraft:cooked_salmon":181,"minecraft:beetroot":4,"minecraft:diamond_leggings":12,"minecraft:gold_nugget":26,"minecraft:cobbled_deepslate":1997,"minecraft:crimson_fence":17,"minecraft:spruce_planks":196,"minecraft:trial_key":11,"minecraft:azalea_leaves":56,"minecraft:melon_slice":96,"minecraft:golden_helmet":1,"minecraft:beehive":2,"minecraft:big_dripleaf":2,"minecraft:green_bed":3,"minecraft:acacia_log":6,"minecraft:sandstone_wall":1,"minecraft:golden_axe":6,"minecraft:waxed_copper_grate":11,"minecraft:golden_chestplate":1,"minecraft:cauldron":1,"minecraft:orange_bed":2,"minecraft:stone_sword":6,"minecraft:honey_bottle":1,"minecraft:tropical_fish":9,"minecraft:blackstone_wall":1,"minecraft:armadillo_scute":1,"minecraft:waxed_cut_copper":7,"minecraft:blaze_rod":4,"minecraft:iron_bars":4,"minecraft:birch_log":6,"minecraft:magma_block":21,"minecraft:dune_armor_trim_smithing_template":14,"minecraft:feather":13,"minecraft:cooked_beef":12,"minecraft:iron_door":6,"minecraft:water_bucket":39,"minecraft:jungle_log":34,"minecraft:brown_wool":2,"minecraft:dark_oak_boat":1,"minecraft:jungle_wood":146,"minecraft:flint":115,"minecraft:gray_concrete":2,"minecraft:lantern":1,"minecraft:diamond_helmet":4,"minecraft:moss_block":17,"minecraft:warped_wart_block":4,"minecraft:stripped_crimson_stem":21,"minecraft:stripped_spruce_log":8,"minecraft:dark_oak_log":120,"minecraft:iron_hoe":5,"minecraft:blue_terracotta":2,"minecraft:granite":2,"minecraft:golden_horse_armor":11,"minecraft:bread":1700,"minecraft:dark_oak_fence":10,"minecraft:diamond_pickaxe":21,"minecraft:crafting_table":42,"minecraft:mud":1,"minecraft:coarse_dirt":9,"minecraft:ominous_bottle":3,"minecraft:clay_ball":24,"minecraft:golden_pickaxe":1,"minecraft:wind_charge":3,"minecraft:red_bed":17,"minecraft:elytra":6,"minecraft:flint_and_steel":7,"minecraft:cracked_stone_bricks":2,"minecraft:beef":26,"minecraft:chiseled_tuff":11,"minecraft:iron_nugget":8,"minecraft:poppy":2,"minecraft:spruce_slab":8,"minecraft:chest":6,"minecraft:egg":9,"minecraft:sandstone":79,"minecraft:fire_charge":2,"minecraft:cake":12,"minecraft:carrot":42,"minecraft:redstone":896,"minecraft:mangrove_trapdoor":1,"minecraft:tnt":445,"minecraft:stone_shovel":1,"minecraft:diamond_chestplate":12,"minecraft:decorated_pot":17,"minecraft:beetroot_seeds":4,"minecraft:peony":1,"minecraft:shears":5,"minecraft:diamond_boots":4,"minecraft:hay_block":428,"minecraft:sandstone_stairs":20,"minecraft:gold_ingot":232,"minecraft:tuff_bricks":12,"minecraft:glow_berries":61,"minecraft:mutton":14,"minecraft:white_wool":8,"minecraft:oxeye_daisy":1,"minecraft:lime_bed":4,"minecraft:smooth_red_sandstone":24,"minecraft:tripwire_hook":1,"minecraft:red_mushroom":4,"minecraft:acacia_wood":10,"minecraft:oak_log":72,"minecraft:lily_pad":6,"minecraft:golden_boots":8,"minecraft:blue_bed":2,"minecraft:white_banner":2,"minecraft:apple":287,"minecraft:stone_bricks":17,"minecraft:kelp":1,"minecraft:stone_pickaxe":8,"minecraft:iron_ore":199,"minecraft:glass_bottle":1,"minecraft:gray_bed":3,"minecraft:iron_sword":109,"minecraft:sweet_berries":3,"minecraft:spyglass":25,"minecraft:gravel":50,"minecraft:crimson_stairs":40,"minecraft:birch_stairs":37,"minecraft:crying_obsidian":15,"minecraft:polished_tuff":5,"minecraft:leather_helmet":2,"minecraft:oak_wood":21,"minecraft:firework_rocket":1417,"minecraft:diamond_shovel":18,"minecraft:diamond_axe":1,"minecraft:baked_potato":876,"minecraft:ender_pearl":81,"minecraft:shulker_shell":1,"minecraft:wheat":152,"minecraft:nether_brick_fence":2,"minecraft:ender_chest":7,"minecraft:sentry_armor_trim_smithing_template":2,"minecraft:potion":26,"minecraft:nether_brick":57,"minecraft:crimson_planks":81,"minecraft:raw_copper":12,"minecraft:smooth_stone_slab":5,"minecraft:iron_leggings":57,"minecraft:experience_bottle":3,"minecraft:smooth_red_sandstone_slab":4,"minecraft:sea_pickle":1,"minecraft:red_sand":102,"minecraft:comparator":1,"minecraft:bucket":12,"minecraft:dark_oak_leaves":11,"minecraft:ender_eye":3,"minecraft:calcite":23,"minecraft:azalea":5,"minecraft:wooden_shovel":1,"minecraft:smooth_quartz":20,"minecraft:iron_pickaxe":88,"minecraft:iron_boots":60,"minecraft:furnace":17,"minecraft:stick":181,"minecraft:birch_trapdoor":1,"minecraft:torch":183,"minecraft:spruce_stairs":3,"minecraft:porkchop":86,"minecraft:dried_kelp":1,"minecraft:pointed_dripstone":32,"minecraft:diorite":6,"minecraft:goat_horn":3,"minecraft:cactus":213,"minecraft:rotten_flesh":326,"minecraft:mangrove_roots":1,"minecraft:obsidian":52,"minecraft:cobblestone":1681,"minecraft:pink_petals":10,"minecraft:lilac":1,"minecraft:cherry_planks":169,"minecraft:andesite":40,"minecraft:golden_leggings":1,"minecraft:chiseled_quartz_block":5,"minecraft:oxidized_copper_bulb":1,"minecraft:potato":1133,"minecraft:tuff":35,"minecraft:wither_skeleton_skull":1,"minecraft:lapis_lazuli":140,"minecraft:oxidized_copper_door":1,"minecraft:dirt":157,"minecraft:cut_sandstone_slab":2,"minecraft:name_tag":20,"minecraft:bone":291,"minecraft:acacia_planks":21,"minecraft:bow":33,"minecraft:wheat_seeds":494,"minecraft:raw_gold":65,"minecraft:bolt_armor_trim_smithing_template":52,"minecraft:mossy_stone_bricks":9,"minecraft:bamboo":25,"minecraft:oak_planks":114,"minecraft:stone_hoe":6,"minecraft:cooked_porkchop":53,"minecraft:axolotl_bucket":5,"minecraft:poisonous_potato":8,"minecraft:waxed_chiseled_copper":2,"minecraft:sand":282,"minecraft:jungle_planks":67,"minecraft:nether_brick_stairs":2,"minecraft:grass_block":74,"minecraft:cyan_bed":11,"minecraft:jungle_slab":2,"minecraft:spectral_arrow":23,"minecraft:chiseled_sandstone":30,"minecraft:shulker_box":34,"minecraft:mossy_cobblestone":4,"minecraft:dark_prismarine":8,"minecraft:jungle_leaves":59,"minecraft:dark_prismarine_slab":1,"minecraft:clay":1,"minecraft:diamond":138,"minecraft:cracked_polished_blackstone_bricks":2,"minecraft:crossbow":12,"minecraft:breeze_rod":4,"minecraft:bone_meal":128,"minecraft:golden_apple":22,"minecraft:emerald":790,"minecraft:oak_sapling":1,"minecraft:netherrack":1859,"minecraft:chorus_fruit":209,"minecraft:fishing_rod":17,"minecraft:charcoal":8,"minecraft:allium":4,"minecraft:azure_bluet":6,"minecraft:chicken":5,"minecraft:brown_mushroom":2,"minecraft:wooden_pickaxe":8,"minecraft:gold_block":27,"minecraft:diamond_horse_armor":1,"minecraft:brick":172,"minecraft:shield":37,"minecraft:moss_carpet":5,"minecraft:iron_axe":30,"minecraft:cyan_carpet":23,"minecraft:blackstone":180,"minecraft:oak_boat":1,"minecraft:player_head":35,"minecraft:light_gray_wool":1,"minecraft:lectern":1,"minecraft:sugar_cane":755,"minecraft:spruce_trapdoor":1,"minecraft:cherry_trapdoor":6,"minecraft:dark_oak_sapling":24,"minecraft:raw_iron":707,"minecraft:end_stone":24,"minecraft:stripped_mangrove_wood":7,"minecraft:copper_ingot":6,"minecraft:stone_button":1,"minecraft:light_blue_bed":9,"minecraft:iron_horse_armor":19,"minecraft:stone_pressure_plate":4,"minecraft:dark_oak_planks":248,"minecraft:arrow":460,"minecraft:pumpkin_pie":11,"minecraft:nether_bricks":67,"minecraft:saddle":39,"minecraft:skeleton_skull":3,"minecraft:jungle_boat":1,"minecraft:basalt":147,"minecraft:golden_carrot":50,"minecraft:glow_ink_sac":13,"minecraft:crimson_stem":6,"minecraft:salmon":134,"minecraft:cut_sandstone":70,"minecraft:leather":51,"minecraft:birch_planks":1,"minecraft:waxed_copper_bulb":1,"minecraft:chainmail_chestplate":2,"minecraft:waxed_copper_block":10,"minecraft:yellow_bed":1,"minecraft:gunpowder":1069,"minecraft:orange_terracotta":30,"minecraft:cooked_mutton":3,"minecraft:smooth_sandstone":32,"minecraft:gray_carpet":28,"minecraft:red_sandstone":47,"minecraft:rabbit_hide":1,"minecraft:spruce_wood":62,"minecraft:iron_ingot":2114,"minecraft:cooked_chicken":4,"minecraft:soul_sand":119,"minecraft:book":279,"minecraft:black_candle":60,"minecraft:emerald_block":9,"minecraft:quartz":16,"minecraft:dripstone_block":21,"minecraft:lava_bucket":9,"minecraft:amethyst_shard":292,"minecraft:blast_furnace":27,"minecraft:white_bed":3,"minecraft:spider_eye":12,"minecraft:pumpkin_seeds":1,"minecraft:honey_block":1,"minecraft:iron_helmet":39,"minecraft:dark_oak_wood":16,"minecraft:chiseled_tuff_bricks":1,"minecraft:coal":809},"minecraft:killed_by":{"minecraft:piglin_brute":2,"minecraft:vindicator":11,"minecraft:zombie":7,"minecraft:vex":5,"minecraft:husk":12,"minecraft:stray":1,"minecraft:ender_dragon":3,"minecraft:ghast":2,"minecraft:evoker":1,"minecraft:zombified_piglin":2,"minecraft:wither_skeleton":4,"minecraft:creeper":8,"minecraft:piglin":1,"minecraft:blaze":3,"minecraft:witch":2,"minecraft:player":3,"minecraft:spider":1,"minecraft:enderman":3,"minecraft:skeleton":24},"minecraft:custom":{"minecraft:interact_with_crafting_table":163,"minecraft:open_barrel":114,"minecraft:bell_ring":1,"minecraft:eat_cake_slice":7,"minecraft:leave_game":10,"minecraft:time_since_death":128867,"minecraft:damage_blocked_by_shield":18952,"minecraft:play_time":2010138,"minecraft:deaths":107,"minecraft:jump":21876,"minecraft:interact_with_furnace":102,"minecraft:traded_with_villager":6,"minecraft:sleep_in_bed":63,"minecraft:damage_dealt":122256,"minecraft:interact_with_smoker":50,"minecraft:use_cauldron":1,"minecraft:inspect_dispenser":5,"minecraft:horse_one_cm":5268090,"minecraft:interact_with_smithing_table":1,"minecraft:sneak_time":75013,"minecraft:interact_with_lectern":1,"minecraft:interact_with_blast_furnace":26,"minecraft:total_world_time":2010138,"minecraft:tune_noteblock":8,"minecraft:time_since_rest":9118,"minecraft:swim_one_cm":926640,"minecraft:fly_one_cm":3673318,"minecraft:open_chest":492,"minecraft:fall_one_cm":458599,"minecraft:open_shulker_box":102,"minecraft:damage_resisted":64,"minecraft:sprint_one_cm":3981056,"minecraft:drop":565,"minecraft:talked_to_villager":8,"minecraft:interact_with_brewingstand":1,"minecraft:walk_on_water_one_cm":509003,"minecraft:open_enderchest":59,"minecraft:player_kills":4,"minecraft:crouch_one_cm":137536,"minecraft:mob_kills":684,"minecraft:interact_with_campfire":11,"minecraft:damage_dealt_resisted":176,"minecraft:climb_one_cm":77082,"minecraft:walk_one_cm":4328365,"minecraft:walk_under_water_one_cm":471554,"minecraft:boat_one_cm":749158,"minecraft:damage_taken":64465,"minecraft:damage_absorbed":80,"minecraft:trigger_trapped_chest":4,"minecraft:aviate_one_cm":954733},"minecraft:crafted":{"minecraft:cooked_mutton":7,"minecraft:diamond_helmet":1,"minecraft:diamond_leggings":2,"minecraft:cooked_porkchop":8,"minecraft:jungle_boat":1,"minecraft:iron_pickaxe":11,"minecraft:gold_ingot":21,"minecraft:bone_meal":237,"minecraft:dark_oak_fence":3,"minecraft:stone_pickaxe":4,"minecraft:diamond_boots":3,"minecraft:dark_oak_planks":532,"minecraft:wheat":954,"minecraft:crimson_stairs":40,"minecraft:iron_leggings":8,"minecraft:white_bed":2,"minecraft:oak_planks":160,"minecraft:dark_oak_boat":2,"minecraft:cooked_chicken":3,"minecraft:iron_boots":5,"minecraft:chest":5,"minecraft:stone_hoe":1,"minecraft:golden_boots":1,"minecraft:smoker":1,"minecraft:arrow":96,"minecraft:cauldron":4,"minecraft:crafting_table":27,"minecraft:spruce_planks":8,"minecraft:iron_helmet":7,"minecraft:baked_potato":59,"minecraft:wooden_pickaxe":8,"minecraft:birch_planks":24,"minecraft:shield":11,"minecraft:iron_chestplate":3,"minecraft:paper":198,"minecraft:charcoal":4,"minecraft:diamond_pickaxe":1,"minecraft:stick":100,"minecraft:iron_ingot":190,"minecraft:stone_sword":3,"minecraft:shears":1,"minecraft:furnace":4,"minecraft:flint_and_steel":1,"minecraft:iron_axe":5,"minecraft:iron_hoe":1,"minecraft:cooked_beef":14,"minecraft:crimson_planks":108,"minecraft:jungle_wood":9,"minecraft:iron_sword":8,"minecraft:cooked_salmon":84,"minecraft:bucket":8,"minecraft:stone_axe":3,"minecraft:air":0,"minecraft:bread":348,"minecraft:jungle_planks":200,"minecraft:oak_boat":6,"minecraft:acacia_planks":40,"minecraft:torch":32,"minecraft:diamond_chestplate":2,"minecraft:firework_rocket":270},"minecraft:broken":{"minecraft:iron_boots":1,"minecraft:iron_sword":3,"minecraft:wooden_pickaxe":3,"minecraft:shield":6,"minecraft:iron_axe":2,"minecraft:iron_pickaxe":6,"minecraft:iron_helmet":6,"minecraft:stone_pickaxe":1},"minecraft:killed":{"minecraft:cave_spider":8,"minecraft:shulker":1,"minecraft:skeleton":127,"minecraft:chicken":4,"minecraft:magma_cube":1,"minecraft:parrot":2,"minecraft:salmon":96,"minecraft:iron_golem":5,"minecraft:pillager":26,"minecraft:zombie":83,"minecraft:cow":13,"minecraft:evoker":1,"minecraft:vindicator":21,"minecraft:husk":112,"minecraft:wandering_trader":2,"minecraft:enderman":68,"minecraft:witch":2,"minecraft:zombified_piglin":1,"minecraft:spider":27,"minecraft:silverfish":3,"minecraft:piglin_brute":2,"minecraft:piglin":7,"minecraft:pig":2,"minecraft:zombie_villager":1,"minecraft:creeper":3,"minecraft:sheep":9,"minecraft:trader_llama":4,"minecraft:ghast":5,"minecraft:blaze":3,"minecraft:drowned":8,"minecraft:wither_skeleton":10,"minecraft:player":2,"minecraft:villager":1}},"DataVersion":3955}