{"stats":{"minecraft:broken":{"minecraft:iron_boots":1,"minecraft:iron_chestplate":1,"minecraft:iron_sword":4,"minecraft:wooden_pickaxe":3,"minecraft:shield":8,"minecraft:iron_axe":3,"minecraft:iron_pickaxe":7,"minecraft:iron_helmet":6,"minecraft:stone_pickaxe":1,"minecraft:golden_axe":1},"minecraft:killed_by":{"minecraft:piglin_brute":2,"minecraft:ravager":5,"minecraft:vindicator":20,"minecraft:zombie":9,"minecraft:vex":10,"minecraft:husk":13,"minecraft:stray":1,"minecraft:ender_dragon":3,"minecraft:slime":1,"minecraft:ghast":2,"minecraft:evoker":1,"minecraft:zombified_piglin":2,"minecraft:wither_skeleton":79,"minecraft:creeper":9,"minecraft:piglin":2,"minecraft:cave_spider":2,"minecraft:blaze":3,"minecraft:witch":2,"minecraft:player":3,"minecraft:spider":1,"minecraft:enderman":4,"minecraft:hoglin":7,"minecraft:skeleton":30,"minecraft:phantom":28},"minecraft:dropped":{"minecraft:clay":1,"minecraft:iron_sword":15,"minecraft:stripped_mangrove_wood":3,"minecraft:ominous_bottle":1,"minecraft:glow_ink_sac":11,"minecraft:chorus_fruit":57,"minecraft:glass_bottle":11,"minecraft:diamond":4,"minecraft:crafting_table":1,"minecraft:cooked_porkchop":6,"minecraft:sandstone_stairs":18,"minecraft:red_sandstone":26,"minecraft:crossbow":3,"minecraft:glow_berries":1,"minecraft:cracked_stone_bricks":2,"minecraft:elytra":4,"minecraft:cut_sandstone_slab":1,"minecraft:leather_helmet":2,"minecraft:red_mushroom":4,"minecraft:emerald":11,"minecraft:gold_block":3,"minecraft:dirt":19,"minecraft:stone_button":1,"minecraft:gold_nugget":13,"minecraft:bone_meal":1,"minecraft:phantom_membrane":3,"minecraft:sand":191,"minecraft:iron_pickaxe":15,"minecraft:dark_oak_planks":14,"minecraft:fishing_rod":1,"minecraft:dark_oak_boat":1,"minecraft:white_wool":1,"minecraft:birch_stairs":1,"minecraft:cyan_carpet":23,"minecraft:bone":109,"minecraft:stone_axe":1,"minecraft:sugar_cane":1,"minecraft:iron_nugget":4,"minecraft:golden_chestplate":2,"minecraft:cobbled_deepslate":56,"minecraft:nether_brick":12,"minecraft:wheat":1,"minecraft:rotten_flesh":259,"minecraft:oak_planks":29,"minecraft:glowstone_dust":1,"minecraft:end_stone":21,"minecraft:azure_bluet":4,"minecraft:waxed_copper_block":1,"minecraft:salmon":7,"minecraft:charcoal":4,"minecraft:chiseled_tuff":4,"minecraft:end_stone_bricks":44,"minecraft:warped_wart_block":2,"minecraft:enchanted_book":1,"minecraft:egg":4,"minecraft:crimson_planks":3,"minecraft:iron_ingot":95,"minecraft:golden_boots":4,"minecraft:netherite_pickaxe":3,"minecraft:wheat_seeds":172,"minecraft:dripstone_block":12,"minecraft:cobblestone":350,"minecraft:iron_helmet":3,"minecraft:feather":11,"minecraft:dark_prismarine_slab":1,"minecraft:book":1,"minecraft:waxed_copper_grate":6,"minecraft:apple":13,"minecraft:coal":8,"minecraft:golden_apple":6,"minecraft:oxeye_daisy":1,"minecraft:jungle_slab":2,"minecraft:golden_carrot":30,"minecraft:wooden_axe":2,"minecraft:cooked_salmon":28,"minecraft:diamond_helmet":1,"minecraft:potion":4,"minecraft:white_banner":4,"minecraft:string":115,"minecraft:smooth_sandstone":16,"minecraft:gray_carpet":25,"minecraft:acacia_planks":1,"minecraft:furnace":1,"minecraft:moss_carpet":3,"minecraft:soul_soil":39,"minecraft:stone_sword":6,"minecraft:clay_ball":23,"minecraft:iron_boots":6,"minecraft:name_tag":3,"minecraft:nether_bricks":17,"minecraft:polished_deepslate_stairs":1,"minecraft:shears":3,"minecraft:diamond_sword":6,"minecraft:big_dripleaf":1,"minecraft:hay_block":42,"minecraft:allium":1,"minecraft:waxed_cut_copper":6,"minecraft:peony":1,"minecraft:spruce_planks":10,"minecraft:diamond_pickaxe":1,"minecraft:spider_eye":14,"minecraft:stone_pressure_plate":2,"minecraft:stone_bricks":12,"minecraft:sandstone":39,"minecraft:bow":10,"minecraft:red_sand":3,"minecraft:nether_brick_stairs":1,"minecraft:soul_sand":43,"minecraft:moss_block":15,"minecraft:baked_potato":377,"minecraft:ender_pearl":44,"minecraft:decorated_pot":5,"minecraft:leather":7,"minecraft:jungle_planks":25,"minecraft:iron_horse_armor":1,"minecraft:flint":2,"minecraft:cracked_polished_blackstone_bricks":2,"minecraft:dark_oak_log":25,"minecraft:cherry_trapdoor":4,"minecraft:mutton":1,"minecraft:cut_sandstone":33,"minecraft:gold_ingot":38,"minecraft:gravel":34,"minecraft:blackstone":1,"minecraft:pointed_dripstone":10,"minecraft:beetroot":1,"minecraft:diamond_shovel":2,"minecraft:beehive":1,"minecraft:carrot":1,"minecraft:shulker_shell":3,"minecraft:poppy":1,"minecraft:rabbit_hide":1,"minecraft:gunpowder":4,"minecraft:oak_wood":4,"minecraft:birch_trapdoor":1,"minecraft:chest":1,"minecraft:azalea":3,"minecraft:chainmail_boots":2,"minecraft:basalt":117,"minecraft:arrow":81,"minecraft:quartz":14,"minecraft:netherrack":857,"minecraft:firework_rocket":38,"minecraft:water_bucket":4,"minecraft:bread":114,"minecraft:lilac":1,"minecraft:diamond_leggings":1,"minecraft:poisonous_potato":5,"minecraft:golden_axe":1,"minecraft:polished_tuff":3,"minecraft:tropical_fish":3,"minecraft:spruce_stairs":1,"minecraft:grass_block":1,"minecraft:stick":32,"minecraft:diorite":1,"minecraft:smooth_red_sandstone":14,"minecraft:brown_wool":1,"minecraft:waxed_copper_bulb":1,"minecraft:iron_door":1,"minecraft:iron_leggings":12,"minecraft:jungle_leaves":1,"minecraft:iron_axe":3,"minecraft:cactus":3,"minecraft:pink_petals":4,"minecraft:bucket":8,"minecraft:chiseled_sandstone":4,"minecraft:redstone":50,"minecraft:polished_deepslate":1,"minecraft:anvil":1,"minecraft:kelp":1,"minecraft:tuff_bricks":2,"minecraft:coarse_dirt":1,"minecraft:raw_copper":3,"minecraft:tuff":3,"minecraft:composter":2,"minecraft:light_gray_wool":2,"minecraft:iron_hoe":1,"minecraft:totem_of_undying":3,"minecraft:flint_and_steel":1,"minecraft:filled_map":4,"minecraft:shield":13,"minecraft:diamond_chestplate":1,"minecraft:orange_terracotta":29,"minecraft:iron_chestplate":8,"minecraft:andesite":19,"minecraft:cake":1,"minecraft:mossy_stone_bricks":6,"minecraft:golden_leggings":2,"minecraft:waxed_chiseled_copper":1,"minecraft:diamond_boots":1,"minecraft:stone_pickaxe":3,"minecraft:wooden_pickaxe":5,"minecraft:brick":94},"minecraft:mined":{"minecraft:dark_oak_planks":58,"minecraft:cut_sandstone_slab":1,"minecraft:white_bed":3,"minecraft:jungle_leaves":101,"minecraft:red_nether_bricks":2,"minecraft:obsidian":9,"minecraft:potted_dead_bush":1,"minecraft:granite":2,"minecraft:acacia_log":6,"minecraft:red_sand":54,"minecraft:jungle_log":53,"minecraft:chiseled_tuff_bricks":3,"minecraft:oxeye_daisy":1,"minecraft:spawner":25,"minecraft:tall_seagrass":8,"minecraft:magma_block":17,"minecraft:dark_oak_trapdoor":1,"minecraft:cobbled_deepslate":33,"minecraft:fire":124,"minecraft:deepslate_lapis_ore":29,"minecraft:fletching_table":1,"minecraft:nether_brick_stairs":2,"minecraft:smooth_red_sandstone":12,"minecraft:cave_vines":3,"minecraft:spruce_wood":13,"minecraft:stripped_mangrove_wood":5,"minecraft:player_head":26,"minecraft:tripwire":1,"minecraft:orange_bed":2,"minecraft:cut_sandstone":28,"minecraft:brown_mushroom":1,"minecraft:red_bed":18,"minecraft:player_wall_head":2,"minecraft:smoker":1,"minecraft:soul_fire":41,"minecraft:amethyst_cluster":11,"minecraft:powder_snow":1,"minecraft:torch":2,"minecraft:dark_oak_wood":16,"minecraft:blast_furnace":9,"minecraft:melon":11,"minecraft:dead_bush":7,"minecraft:nether_brick_slab":1,"minecraft:cyan_bed":6,"minecraft:sugar_cane":99,"minecraft:amethyst_block":1,"minecraft:jungle_wood":158,"minecraft:mud":1,"minecraft:wheat":105,"minecraft:lilac":1,"minecraft:waxed_copper_block":4,"minecraft:sandstone_wall":1,"minecraft:smooth_basalt":1,"minecraft:stripped_crimson_stem":21,"minecraft:deepslate":722,"minecraft:dark_prismarine":10,"minecraft:mossy_cobblestone":7,"minecraft:dark_oak_log":164,"minecraft:end_stone":301,"minecraft:shulker_box":79,"minecraft:nether_bricks":15,"minecraft:dark_oak_fence":10,"minecraft:jungle_planks":2,"minecraft:moss_block":12,"minecraft:white_concrete_powder":1,"minecraft:magenta_stained_glass_pane":2,"minecraft:waxed_copper_grate":7,"minecraft:red_sandstone":15,"minecraft:acacia_wood":11,"minecraft:suspicious_sand":4,"minecraft:andesite":33,"minecraft:chiseled_tuff":12,"minecraft:potatoes":172,"minecraft:vine":53,"minecraft:bamboo":18,"minecraft:birch_stairs":47,"minecraft:gray_concrete":2,"minecraft:glass_pane":2,"minecraft:cherry_planks":5,"minecraft:soul_sand":74,"minecraft:smooth_sandstone":90,"minecraft:short_grass":331,"minecraft:emerald_ore":1,"minecraft:warped_roots":1,"minecraft:lightning_rod":1,"minecraft:copper_ore":5,"minecraft:tall_grass":16,"minecraft:smooth_red_sandstone_slab":2,"minecraft:deepslate_gold_ore":28,"minecraft:diorite":2,"minecraft:big_dripleaf":1,"minecraft:black_stained_glass":2,"minecraft:coarse_dirt":8,"minecraft:light_blue_bed":5,"minecraft:spruce_log":10,"minecraft:birch_leaves":5,"minecraft:mangrove_leaves":1,"minecraft:dark_prismarine_slab":1,"minecraft:gravel":57,"minecraft:dripstone_block":10,"minecraft:cobweb":73,"minecraft:acacia_planks":8,"minecraft:stone_bricks":6,"minecraft:gold_ore":12,"minecraft:fern":53,"minecraft:large_amethyst_bud":1,"minecraft:spruce_planks":15,"minecraft:stone_pressure_plate":1,"minecraft:farmland":2,"minecraft:jungle_slab":2,"minecraft:sculk_vein":1,"minecraft:end_stone_brick_wall":1,"minecraft:brewing_stand":3,"minecraft:cave_vines_plant":2,"minecraft:budding_amethyst":1,"minecraft:grass_block":134,"minecraft:cracked_polished_blackstone_bricks":2,"minecraft:soul_soil":84,"minecraft:composter":4,"minecraft:tuff_bricks":11,"minecraft:sandstone_stairs":1,"minecraft:iron_ore":52,"minecraft:polished_tuff":4,"minecraft:brown_bed":1,"minecraft:azure_bluet":2,"minecraft:dark_oak_stairs":1,"minecraft:pointed_dripstone":4,"minecraft:iron_bars":4,"minecraft:black_candle":5,"minecraft:azalea_leaves":150,"minecraft:azalea":1,"minecraft:end_stone_bricks":8,"minecraft:spruce_slab":2,"minecraft:green_bed":2,"minecraft:waxed_cut_copper":3,"minecraft:deepslate_redstone_ore":23,"minecraft:blackstone":34,"minecraft:twisting_vines_plant":1,"minecraft:polished_deepslate_stairs":1,"minecraft:orange_terracotta":2,"minecraft:clay":9,"minecraft:calcite":16,"minecraft:chest":3,"minecraft:nether_quartz_ore":8,"minecraft:cobblestone":102,"minecraft:oak_planks":18,"minecraft:iron_door":3,"minecraft:wall_torch":4,"minecraft:cauldron":1,"minecraft:pink_petals":2,"minecraft:seagrass":7,"minecraft:blue_terracotta":2,"minecraft:dark_oak_slab":1,"minecraft:birch_log":6,"minecraft:birch_trapdoor":1,"minecraft:purpur_block":6,"minecraft:tnt":13,"minecraft:oak_log":38,"minecraft:beetroots":1,"minecraft:sand":321,"minecraft:dirt":10,"minecraft:crimson_planks":9,"minecraft:netherrack":1627,"minecraft:oak_leaves":6,"minecraft:emerald_block":2,"minecraft:tuff":37,"minecraft:dark_oak_leaves":30,"minecraft:deepslate_diamond_ore":39,"minecraft:blackstone_wall":1,"minecraft:mangrove_roots":1,"minecraft:glow_lichen":1,"minecraft:ladder":2,"minecraft:purple_terracotta":1,"minecraft:decorated_pot":81,"minecraft:mangrove_trapdoor":1,"minecraft:spruce_leaves":12,"minecraft:rooted_dirt":10,"minecraft:sandstone":21,"minecraft:crimson_stem":6,"minecraft:large_fern":5,"minecraft:hay_block":84,"minecraft:furnace":1,"minecraft:chiseled_sandstone":14,"minecraft:peony":3,"minecraft:gold_block":4,"minecraft:nether_brick_fence":2,"minecraft:polished_deepslate":13,"minecraft:bookshelf":46,"minecraft:shroomlight":1,"minecraft:deepslate_iron_ore":141,"minecraft:chorus_plant":13,"minecraft:stone":774,"minecraft:flowering_azalea":1,"minecraft:magenta_stained_glass":14,"minecraft:infested_stone_bricks":1,"minecraft:basalt":175,"minecraft:crafting_table":14,"minecraft:honey_block":1,"minecraft:oak_wood":12,"minecraft:lily_pad":3,"minecraft:sculk":4,"minecraft:blue_bed":2,"minecraft:spruce_stairs":2,"minecraft:birch_planks":11,"minecraft:cactus":1,"minecraft:lime_bed":4,"minecraft:beehive":1,"minecraft:gray_bed":3,"minecraft:yellow_bed":1,"minecraft:coal_ore":96,"minecraft:end_rod":1,"minecraft:gray_carpet":2,"minecraft:cracked_stone_bricks":2,"minecraft:stripped_acacia_wood":7,"minecraft:mossy_stone_bricks":5,"minecraft:crimson_fence":17},"minecraft:killed":{"minecraft:cave_spider":8,"minecraft:shulker":12,"minecraft:skeleton":140,"minecraft:chicken":4,"minecraft:magma_cube":1,"minecraft:parrot":2,"minecraft:salmon":96,"minecraft:iron_golem":5,"minecraft:pillager":51,"minecraft:zombie":99,"minecraft:cow":13,"minecraft:evoker":7,"minecraft:vindicator":48,"minecraft:husk":114,"minecraft:wandering_trader":3,"minecraft:ravager":2,"minecraft:enderman":148,"minecraft:zombified_piglin":1,"minecraft:witch":7,"minecraft:spider":32,"minecraft:silverfish":3,"minecraft:piglin_brute":2,"minecraft:piglin":7,"minecraft:pig":2,"minecraft:zombie_villager":1,"minecraft:creeper":9,"minecraft:sheep":9,"minecraft:trader_llama":6,"minecraft:ghast":5,"minecraft:blaze":3,"minecraft:slime":19,"minecraft:phantom":26,"minecraft:drowned":12,"minecraft:hoglin":2,"minecraft:wither_skeleton":45,"minecraft:player":2,"minecraft:villager":1},"minecraft:picked_up":{"minecraft:wooden_axe":2,"minecraft:iron_chestplate":80,"minecraft:chainmail_boots":3,"minecraft:anvil":1,"minecraft:lead":25,"minecraft:diamond_sword":26,"minecraft:brown_bed":1,"minecraft:wither_rose":9,"minecraft:enchanted_book":50,"minecraft:brewing_stand":24,"minecraft:golden_sword":4,"minecraft:polished_deepslate":21,"minecraft:string":911,"minecraft:soul_soil":100,"minecraft:cooked_salmon":182,"minecraft:red_nether_bricks":2,"minecraft:shroomlight":26,"minecraft:beetroot":4,"minecraft:diamond_leggings":26,"minecraft:gold_nugget":26,"minecraft:cobbled_deepslate":2019,"minecraft:crimson_fence":17,"minecraft:spruce_planks":196,"minecraft:trial_key":11,"minecraft:azalea_leaves":149,"minecraft:enchanted_golden_apple":3,"minecraft:melon_slice":96,"minecraft:golden_helmet":1,"minecraft:beehive":4,"minecraft:composter":2,"minecraft:big_dripleaf":2,"minecraft:green_bed":3,"minecraft:acacia_log":6,"minecraft:sandstone_wall":1,"minecraft:golden_axe":6,"minecraft:lightning_rod":9,"minecraft:waxed_copper_grate":11,"minecraft:golden_chestplate":2,"minecraft:cauldron":1,"minecraft:orange_bed":2,"minecraft:stone_sword":6,"minecraft:honey_bottle":1,"minecraft:tropical_fish":9,"minecraft:blackstone_wall":1,"minecraft:armadillo_scute":1,"minecraft:cyan_terracotta":7,"minecraft:end_rod":1,"minecraft:waxed_cut_copper":7,"minecraft:blaze_rod":4,"minecraft:iron_bars":4,"minecraft:birch_log":6,"minecraft:magma_block":21,"minecraft:dune_armor_trim_smithing_template":14,"minecraft:feather":13,"minecraft:cooked_beef":12,"minecraft:iron_door":6,"minecraft:water_bucket":63,"minecraft:jungle_log":513,"minecraft:brown_wool":2,"minecraft:dark_oak_boat":1,"minecraft:jungle_wood":214,"minecraft:smoker":1,"minecraft:flint":141,"minecraft:gray_concrete":2,"minecraft:lantern":1,"minecraft:diamond_helmet":9,"minecraft:glowstone_dust":2,"minecraft:moss_block":34,"minecraft:warped_wart_block":4,"minecraft:stripped_acacia_wood":7,"minecraft:stripped_crimson_stem":21,"minecraft:stripped_spruce_log":8,"minecraft:dark_oak_log":196,"minecraft:iron_hoe":18,"minecraft:blue_terracotta":2,"minecraft:granite":2,"minecraft:golden_horse_armor":11,"minecraft:bread":1828,"minecraft:rooted_dirt":3,"minecraft:dark_oak_fence":11,"minecraft:diamond_pickaxe":21,"minecraft:crafting_table":42,"minecraft:mud":1,"minecraft:coarse_dirt":9,"minecraft:ominous_bottle":5,"minecraft:nether_wart":4,"minecraft:clay_ball":63,"minecraft:golden_pickaxe":1,"minecraft:purpur_block":10,"minecraft:wind_charge":3,"minecraft:red_bed":17,"minecraft:elytra":13,"minecraft:flint_and_steel":11,"minecraft:iron_shovel":4,"minecraft:cracked_stone_bricks":2,"minecraft:beef":26,"minecraft:chiseled_tuff":21,"minecraft:iron_nugget":8,"minecraft:poppy":2,"minecraft:spruce_slab":8,"minecraft:chest":9,"minecraft:egg":17,"minecraft:sandstone":79,"minecraft:fire_charge":2,"minecraft:cake":12,"minecraft:carrot":42,"minecraft:redstone":966,"minecraft:netherite_pickaxe":3,"minecraft:mangrove_trapdoor":1,"minecraft:tnt":445,"minecraft:stone_shovel":1,"minecraft:diamond_chestplate":13,"minecraft:decorated_pot":17,"minecraft:beetroot_seeds":4,"minecraft:peony":1,"minecraft:shears":14,"minecraft:diamond_boots":5,"minecraft:hay_block":428,"minecraft:sandstone_stairs":20,"minecraft:gold_ingot":442,"minecraft:totem_of_undying":32,"minecraft:tuff_bricks":12,"minecraft:glow_berries":61,"minecraft:mutton":14,"minecraft:white_wool":8,"minecraft:rail":23,"minecraft:oxeye_daisy":1,"minecraft:lime_bed":4,"minecraft:smooth_red_sandstone":28,"minecraft:tripwire_hook":1,"minecraft:red_mushroom":4,"minecraft:acacia_wood":12,"minecraft:purpur_stairs":1,"minecraft:oak_log":72,"minecraft:lily_pad":6,"minecraft:golden_boots":10,"minecraft:blue_bed":2,"minecraft:white_banner":15,"minecraft:apple":287,"minecraft:stone_bricks":17,"minecraft:kelp":1,"minecraft:stone_pickaxe":8,"minecraft:iron_ore":199,"minecraft:glass_bottle":10,"minecraft:gray_bed":3,"minecraft:iron_sword":173,"minecraft:dark_oak_slab":1,"minecraft:sweet_berries":3,"minecraft:spyglass":25,"minecraft:gravel":60,"minecraft:crimson_stairs":40,"minecraft:birch_stairs":37,"minecraft:spruce_sapling":1,"minecraft:spruce_log":8,"minecraft:crying_obsidian":15,"minecraft:polished_tuff":5,"minecraft:leather_helmet":2,"minecraft:oak_wood":21,"minecraft:firework_rocket":1760,"minecraft:diamond_shovel":21,"minecraft:slime_ball":15,"minecraft:diamond_axe":1,"minecraft:birch_sign":6,"minecraft:baked_potato":2337,"minecraft:ender_pearl":154,"minecraft:shulker_shell":8,"minecraft:wheat":152,"minecraft:nether_brick_fence":2,"minecraft:ender_chest":7,"minecraft:sentry_armor_trim_smithing_template":2,"minecraft:potion":34,"minecraft:nether_brick":57,"minecraft:crimson_planks":81,"minecraft:raw_copper":12,"minecraft:smooth_stone_slab":5,"minecraft:iron_leggings":79,"minecraft:netherite_ingot":10,"minecraft:experience_bottle":21,"minecraft:smooth_red_sandstone_slab":4,"minecraft:sea_pickle":1,"minecraft:red_sand":102,"minecraft:comparator":1,"minecraft:bucket":19,"minecraft:dark_oak_leaves":11,"minecraft:ender_eye":4,"minecraft:calcite":23,"minecraft:azalea":5,"minecraft:wooden_shovel":1,"minecraft:smooth_quartz":20,"minecraft:iron_pickaxe":136,"minecraft:iron_boots":99,"minecraft:furnace":17,"minecraft:stick":206,"minecraft:birch_trapdoor":1,"minecraft:polished_deepslate_stairs":2,"minecraft:torch":184,"minecraft:spruce_stairs":3,"minecraft:porkchop":96,"minecraft:dried_kelp":1,"minecraft:pointed_dripstone":36,"minecraft:diorite":6,"minecraft:vine":20,"minecraft:goat_horn":8,"minecraft:cactus":213,"minecraft:rotten_flesh":463,"minecraft:mangrove_roots":1,"minecraft:obsidian":117,"minecraft:cobblestone":1796,"minecraft:pink_petals":10,"minecraft:lilac":1,"minecraft:magma_cream":3,"minecraft:cherry_planks":169,"minecraft:andesite":40,"minecraft:golden_leggings":2,"minecraft:chiseled_quartz_block":5,"minecraft:oxidized_copper_bulb":1,"minecraft:potato":1466,"minecraft:tuff":36,"minecraft:smooth_sandstone_stairs":16,"minecraft:wither_skeleton_skull":1,"minecraft:lapis_lazuli":169,"minecraft:oxidized_copper_door":1,"minecraft:dirt":158,"minecraft:cut_sandstone_slab":6,"minecraft:name_tag":30,"minecraft:bone":449,"minecraft:acacia_planks":33,"minecraft:bow":51,"minecraft:wheat_seeds":535,"minecraft:raw_gold":65,"minecraft:bolt_armor_trim_smithing_template":52,"minecraft:mossy_stone_bricks":9,"minecraft:fletching_table":1,"minecraft:bamboo":25,"minecraft:oak_planks":114,"minecraft:stone_hoe":6,"minecraft:cooked_porkchop":53,"minecraft:axolotl_bucket":5,"minecraft:poisonous_potato":9,"minecraft:waxed_chiseled_copper":2,"minecraft:sand":781,"minecraft:jungle_planks":187,"minecraft:nether_brick_stairs":10,"minecraft:grass_block":74,"minecraft:cyan_bed":12,"minecraft:jungle_slab":2,"minecraft:spectral_arrow":24,"minecraft:chiseled_sandstone":30,"minecraft:shulker_box":86,"minecraft:mossy_cobblestone":4,"minecraft:dark_prismarine":23,"minecraft:jungle_leaves":94,"minecraft:dark_prismarine_slab":1,"minecraft:clay":1,"minecraft:diamond":138,"minecraft:soul_lantern":1,"minecraft:cracked_polished_blackstone_bricks":2,"minecraft:crossbow":27,"minecraft:breeze_rod":4,"minecraft:bone_meal":128,"minecraft:golden_apple":25,"minecraft:emerald":1323,"minecraft:oak_sapling":1,"minecraft:netherrack":2126,"minecraft:chorus_fruit":501,"minecraft:end_stone_bricks":46,"minecraft:fishing_rod":17,"minecraft:charcoal":8,"minecraft:allium":4,"minecraft:azure_bluet":6,"minecraft:chicken":5,"minecraft:ladder":2,"minecraft:brown_mushroom":2,"minecraft:wooden_pickaxe":8,"minecraft:gold_block":27,"minecraft:diamond_horse_armor":1,"minecraft:brick":172,"minecraft:shield":95,"minecraft:moss_carpet":6,"minecraft:iron_axe":61,"minecraft:cyan_carpet":23,"minecraft:blackstone":180,"minecraft:oak_boat":1,"minecraft:player_head":54,"minecraft:light_gray_wool":15,"minecraft:lectern":1,"minecraft:sugar_cane":755,"minecraft:spruce_trapdoor":1,"minecraft:cherry_trapdoor":6,"minecraft:phantom_membrane":16,"minecraft:dark_oak_sapling":27,"minecraft:raw_iron":739,"minecraft:end_stone":343,"minecraft:stripped_mangrove_wood":7,"minecraft:copper_ingot":6,"minecraft:stone_button":6,"minecraft:light_blue_bed":9,"minecraft:iron_horse_armor":19,"minecraft:stone_pressure_plate":4,"minecraft:dark_oak_planks":545,"minecraft:arrow":1933,"minecraft:pumpkin_pie":11,"minecraft:nether_bricks":70,"minecraft:saddle":43,"minecraft:skeleton_skull":3,"minecraft:jungle_boat":1,"minecraft:basalt":147,"minecraft:golden_carrot":97,"minecraft:glow_ink_sac":19,"minecraft:crimson_stem":6,"minecraft:salmon":134,"minecraft:cut_sandstone":75,"minecraft:leather":52,"minecraft:birch_planks":28,"minecraft:waxed_copper_bulb":1,"minecraft:chainmail_chestplate":2,"minecraft:waxed_copper_block":10,"minecraft:yellow_bed":1,"minecraft:gunpowder":1417,"minecraft:orange_terracotta":30,"minecraft:cooked_mutton":7,"minecraft:smooth_sandstone":58,"minecraft:gray_carpet":28,"minecraft:red_sandstone":47,"minecraft:rabbit_hide":1,"minecraft:spruce_wood":62,"minecraft:iron_ingot":2319,"minecraft:cooked_chicken":4,"minecraft:soul_sand":131,"minecraft:book":279,"minecraft:black_candle":60,"minecraft:emerald_block":9,"minecraft:quartz":16,"minecraft:dripstone_block":22,"minecraft:lava_bucket":30,"minecraft:amethyst_shard":292,"minecraft:blast_furnace":28,"minecraft:white_bed":4,"minecraft:nether_brick_slab":1,"minecraft:spider_eye":49,"minecraft:pumpkin_seeds":1,"minecraft:honey_block":1,"minecraft:iron_helmet":54,"minecraft:netherite_hoe":15,"minecraft:dark_oak_wood":16,"minecraft:chiseled_tuff_bricks":2,"minecraft:coal":889},"minecraft:crafted":{"minecraft:cooked_mutton":7,"minecraft:diamond_helmet":1,"minecraft:diamond_leggings":2,"minecraft:cooked_porkchop":8,"minecraft:jungle_boat":1,"minecraft:fletching_table":1,"minecraft:iron_pickaxe":19,"minecraft:gold_ingot":21,"minecraft:bone_meal":237,"minecraft:dark_oak_fence":3,"minecraft:ladder":18,"minecraft:stone_pickaxe":5,"minecraft:diamond_boots":3,"minecraft:dark_oak_planks":580,"minecraft:wheat":954,"minecraft:crimson_stairs":40,"minecraft:iron_shovel":1,"minecraft:iron_leggings":10,"minecraft:white_bed":2,"minecraft:oak_planks":160,"minecraft:dark_oak_boat":2,"minecraft:cooked_chicken":3,"minecraft:cobblestone_stairs":8,"minecraft:bow":3,"minecraft:iron_boots":7,"minecraft:chest":5,"minecraft:stone_hoe":1,"minecraft:golden_boots":1,"minecraft:smoker":4,"minecraft:arrow":848,"minecraft:cauldron":4,"minecraft:crafting_table":32,"minecraft:spruce_planks":40,"minecraft:iron_helmet":11,"minecraft:baked_potato":526,"minecraft:wooden_pickaxe":8,"minecraft:birch_planks":24,"minecraft:iron_chestplate":5,"minecraft:paper":198,"minecraft:charcoal":4,"minecraft:diamond_pickaxe":1,"minecraft:shield":13,"minecraft:stick":192,"minecraft:iron_ingot":234,"minecraft:stone_sword":4,"minecraft:shears":2,"minecraft:golden_chestplate":1,"minecraft:furnace":7,"minecraft:flint_and_steel":1,"minecraft:iron_axe":7,"minecraft:iron_hoe":2,"minecraft:cooked_beef":14,"minecraft:crimson_planks":108,"minecraft:jungle_wood":9,"minecraft:iron_sword":11,"minecraft:cooked_salmon":84,"minecraft:bucket":12,"minecraft:stone_axe":3,"minecraft:air":0,"minecraft:bread":348,"minecraft:jungle_planks":344,"minecraft:oak_boat":6,"minecraft:acacia_planks":48,"minecraft:torch":32,"minecraft:diamond_chestplate":2,"minecraft:firework_rocket":462},"minecraft:used":{"minecraft:beetroot":12,"minecraft:moss_block":6,"minecraft:tuff_bricks":4,"minecraft:chiseled_tuff":6,"minecraft:elytra":51,"minecraft:spruce_slab":1,"minecraft:ladder":17,"minecraft:poppy":1,"minecraft:chest":9,"minecraft:rotten_flesh":15,"minecraft:soul_sand":34,"minecraft:stripped_spruce_log":1,"minecraft:lava_bucket":163,"minecraft:grass_block":73,"minecraft:netherite_hoe":2,"minecraft:dark_oak_leaves":11,"minecraft:bow":828,"minecraft:dark_oak_boat":2,"minecraft:sweet_berries":3,"minecraft:oak_sapling":1,"minecraft:furnace":3,"minecraft:egg":9,"minecraft:potato":201,"minecraft:mossy_stone_bricks":3,"minecraft:chorus_fruit":38,"minecraft:blackstone":91,"minecraft:wooden_pickaxe":248,"minecraft:jungle_boat":2,"minecraft:oak_leaves":4,"minecraft:stripped_mangrove_wood":1,"minecraft:golden_apple":3,"minecraft:glow_berries":1,"minecraft:sand":242,"minecraft:cut_sandstone_slab":3,"minecraft:blast_furnace":8,"minecraft:smooth_red_sandstone":5,"minecraft:lightning_rod":5,"minecraft:red_sandstone":3,"minecraft:chiseled_sandstone":10,"minecraft:stone_button":1,"minecraft:soul_lantern":1,"minecraft:chiseled_tuff_bricks":2,"minecraft:diamond_sword":432,"minecraft:dark_oak_fence":9,"minecraft:oak_boat":6,"minecraft:iron_bars":4,"minecraft:stone_sword":188,"minecraft:cooked_salmon":48,"minecraft:trial_key":2,"minecraft:netherrack":793,"minecraft:orange_bed":2,"minecraft:torch":77,"minecraft:brewing_stand":2,"minecraft:shroomlight":2,"minecraft:rooted_dirt":3,"minecraft:iron_axe":1150,"minecraft:jungle_log":47,"minecraft:smooth_quartz":6,"minecraft:totem_of_undying":1,"minecraft:diamond_chestplate":25,"minecraft:basalt":30,"minecraft:goat_horn":4,"minecraft:cobbled_deepslate":464,"minecraft:acacia_planks":16,"minecraft:pointed_dripstone":13,"minecraft:golden_axe":78,"minecraft:calcite":5,"minecraft:wheat_seeds":136,"minecraft:water_bucket":296,"minecraft:sandstone_stairs":2,"minecraft:cauldron":5,"minecraft:fletching_table":2,"minecraft:gilded_blackstone":5,"minecraft:salmon":10,"minecraft:vine":20,"minecraft:tnt":1,"minecraft:crafting_table":45,"minecraft:red_bed":16,"minecraft:white_bed":3,"minecraft:oak_log":6,"minecraft:mud":1,"minecraft:dark_prismarine":2,"minecraft:diamond_pickaxe":921,"minecraft:ender_eye":2,"minecraft:diamond_shovel":278,"minecraft:wind_charge":11,"minecraft:iron_pickaxe":3692,"minecraft:spruce_sapling":1,"minecraft:cobblestone":274,"minecraft:azalea_leaves":149,"minecraft:potion":10,"minecraft:crimson_stairs":22,"minecraft:porkchop":2,"minecraft:cooked_porkchop":14,"minecraft:diamond_leggings":12,"minecraft:red_sand":15,"minecraft:polished_deepslate":13,"minecraft:iron_shovel":168,"minecraft:shield":454,"minecraft:decorated_pot":13,"minecraft:iron_sword":3548,"minecraft:player_head":13,"minecraft:iron_chestplate":57,"minecraft:jungle_planks":109,"minecraft:nether_bricks":3,"minecraft:carrot":22,"minecraft:beehive":1,"minecraft:axolotl_bucket":1,"minecraft:obsidian":17,"minecraft:milk_bucket":1,"minecraft:iron_horse_armor":1,"minecraft:spruce_wood":13,"minecraft:iron_helmet":34,"minecraft:light_blue_bed":4,"minecraft:stone_bricks":3,"minecraft:golden_sword":4,"minecraft:magma_block":15,"minecraft:hay_block":2,"minecraft:gray_bed":2,"minecraft:gold_block":3,"minecraft:skeleton_skull":1,"minecraft:dark_oak_sapling":20,"minecraft:golden_boots":4,"minecraft:diamond_boots":4,"minecraft:stone_pickaxe":325,"minecraft:oak_planks":28,"minecraft:ender_pearl":49,"minecraft:blue_bed":2,"minecraft:crossbow":94,"minecraft:dripstone_block":6,"minecraft:end_stone":185,"minecraft:shears":281,"minecraft:waxed_chiseled_copper":1,"minecraft:redstone_torch":1,"minecraft:firework_rocket":111,"minecraft:melon_slice":62,"minecraft:bread":334,"minecraft:dark_oak_log":1,"minecraft:cyan_bed":7,"minecraft:iron_door":1,"minecraft:gravel":10,"minecraft:smooth_red_sandstone_slab":4,"minecraft:andesite":4,"minecraft:coarse_dirt":3,"minecraft:bone_meal":220,"minecraft:experience_bottle":19,"minecraft:azalea":1,"minecraft:jungle_leaves":93,"minecraft:crimson_fence":17,"minecraft:flint_and_steel":12,"minecraft:tropical_fish":1,"minecraft:dried_kelp":1,"minecraft:spruce_planks":1,"minecraft:stone_hoe":30,"minecraft:cooked_chicken":3,"minecraft:dirt":37,"minecraft:spyglass":125,"minecraft:diamond_helmet":3,"minecraft:shulker_box":78,"minecraft:golden_chestplate":5,"minecraft:iron_hoe":101,"minecraft:dark_oak_planks":497,"minecraft:smooth_sandstone":6,"minecraft:iron_boots":37,"minecraft:crimson_planks":1,"minecraft:golden_carrot":2,"minecraft:soul_soil":32,"minecraft:cooked_beef":4,"minecraft:enchanted_golden_apple":2,"minecraft:iron_leggings":40,"minecraft:cooked_mutton":3,"minecraft:iron_ore":16,"minecraft:cobblestone_stairs":8,"minecraft:glass_bottle":1,"minecraft:baked_potato":555,"minecraft:red_nether_bricks":2,"minecraft:cut_sandstone":6,"minecraft:brown_mushroom":2,"minecraft:green_bed":3,"minecraft:waxed_copper_block":1,"minecraft:jungle_wood":100,"minecraft:lime_bed":3,"minecraft:smoker":5,"minecraft:apple":12,"minecraft:stone_axe":6,"minecraft:pink_petals":6,"minecraft:fishing_rod":9,"minecraft:white_banner":2,"minecraft:bucket":469,"minecraft:yellow_bed":1,"minecraft:sea_pickle":1,"minecraft:birch_stairs":36},"minecraft:custom":{"minecraft:interact_with_crafting_table":203,"minecraft:open_barrel":143,"minecraft:bell_ring":5,"minecraft:eat_cake_slice":7,"minecraft:leave_game":11,"minecraft:time_since_death":37055,"minecraft:damage_blocked_by_shield":29949,"minecraft:play_time":2783008,"minecraft:deaths":290,"minecraft:jump":32273,"minecraft:interact_with_furnace":107,"minecraft:traded_with_villager":56,"minecraft:sleep_in_bed":71,"minecraft:damage_dealt":172782,"minecraft:interact_with_smoker":110,"minecraft:use_cauldron":3,"minecraft:inspect_dispenser":5,"minecraft:horse_one_cm":5326754,"minecraft:interact_with_smithing_table":1,"minecraft:interact_with_anvil":4,"minecraft:sneak_time":116815,"minecraft:interact_with_lectern":1,"minecraft:interact_with_blast_furnace":34,"minecraft:total_world_time":2783008,"minecraft:tune_noteblock":8,"minecraft:time_since_rest":37093,"minecraft:swim_one_cm":1344496,"minecraft:fly_one_cm":5373619,"minecraft:open_chest":613,"minecraft:fall_one_cm":1275508,"minecraft:open_shulker_box":216,"minecraft:damage_resisted":209,"minecraft:sprint_one_cm":5767022,"minecraft:drop":776,"minecraft:talked_to_villager":17,"minecraft:interact_with_brewingstand":2,"minecraft:walk_on_water_one_cm":822180,"minecraft:open_enderchest":173,"minecraft:player_kills":4,"minecraft:crouch_one_cm":203850,"minecraft:mob_kills":983,"minecraft:fill_cauldron":1,"minecraft:interact_with_campfire":11,"minecraft:damage_dealt_resisted":176,"minecraft:climb_one_cm":135073,"minecraft:walk_one_cm":5780315,"minecraft:walk_under_water_one_cm":845599,"minecraft:boat_one_cm":749158,"minecraft:damage_taken":176982,"minecraft:damage_absorbed":400,"minecraft:trigger_trapped_chest":4,"minecraft:aviate_one_cm":3848313}},"DataVersion":3955}