{"stats":{"minecraft:killed":{"minecraft:cave_spider":8,"minecraft:shulker":12,"minecraft:skeleton":166,"minecraft:chicken":4,"minecraft:magma_cube":1,"minecraft:parrot":2,"minecraft:salmon":96,"minecraft:iron_golem":6,"minecraft:pillager":54,"minecraft:zombie":105,"minecraft:cow":13,"minecraft:evoker":7,"minecraft:vindicator":48,"minecraft:husk":114,"minecraft:wandering_trader":3,"minecraft:ravager":2,"minecraft:enderman":148,"minecraft:witch":7,"minecraft:zombified_piglin":1,"minecraft:spider":32,"minecraft:silverfish":3,"minecraft:piglin_brute":2,"minecraft:piglin":7,"minecraft:pig":2,"minecraft:zombie_villager":1,"minecraft:creeper":11,"minecraft:sheep":12,"minecraft:trader_llama":6,"minecraft:ghast":6,"minecraft:blaze":3,"minecraft:slime":19,"minecraft:phantom":26,"minecraft:drowned":12,"minecraft:hoglin":2,"minecraft:wither_skeleton":45,"minecraft:player":3,"minecraft:villager":3},"minecraft:mined":{"minecraft:dark_oak_planks":64,"minecraft:cut_sandstone_slab":1,"minecraft:white_bed":10,"minecraft:jungle_leaves":101,"minecraft:red_nether_bricks":2,"minecraft:obsidian":9,"minecraft:potted_dead_bush":1,"minecraft:granite":2,"minecraft:acacia_log":6,"minecraft:red_sand":54,"minecraft:jungle_log":62,"minecraft:chiseled_tuff_bricks":3,"minecraft:oxeye_daisy":1,"minecraft:chiseled_stone_bricks":1,"minecraft:spawner":26,"minecraft:tall_seagrass":9,"minecraft:magma_block":17,"minecraft:dark_oak_trapdoor":1,"minecraft:cobbled_deepslate":40,"minecraft:fire":140,"minecraft:moss_carpet":1,"minecraft:deepslate_lapis_ore":29,"minecraft:fletching_table":1,"minecraft:nether_brick_stairs":2,"minecraft:smooth_red_sandstone":12,"minecraft:cave_vines":5,"minecraft:spruce_wood":13,"minecraft:stripped_mangrove_wood":5,"minecraft:player_head":26,"minecraft:tripwire":1,"minecraft:orange_bed":2,"minecraft:cut_sandstone":28,"minecraft:brown_mushroom":1,"minecraft:red_bed":18,"minecraft:player_wall_head":2,"minecraft:smoker":1,"minecraft:soul_fire":44,"minecraft:amethyst_cluster":14,"minecraft:powder_snow":1,"minecraft:torch":3,"minecraft:dark_oak_wood":16,"minecraft:blast_furnace":11,"minecraft:melon":11,"minecraft:dead_bush":7,"minecraft:nether_brick_slab":1,"minecraft:cyan_bed":6,"minecraft:sugar_cane":99,"minecraft:amethyst_block":7,"minecraft:jungle_wood":161,"minecraft:mud":3,"minecraft:wheat":105,"minecraft:lilac":1,"minecraft:waxed_copper_block":4,"minecraft:sandstone_wall":1,"minecraft:smooth_basalt":4,"minecraft:stripped_crimson_stem":21,"minecraft:suspicious_gravel":1,"minecraft:deepslate":765,"minecraft:dark_prismarine":10,"minecraft:mossy_cobblestone":8,"minecraft:dark_oak_log":164,"minecraft:end_stone":301,"minecraft:shulker_box":84,"minecraft:nether_bricks":15,"minecraft:dark_oak_fence":10,"minecraft:jungle_planks":6,"minecraft:redstone_wire":2,"minecraft:moss_block":13,"minecraft:white_concrete_powder":1,"minecraft:magenta_stained_glass_pane":2,"minecraft:packed_mud":5,"minecraft:waxed_copper_grate":7,"minecraft:red_sandstone":15,"minecraft:acacia_wood":11,"minecraft:suspicious_sand":4,"minecraft:andesite":44,"minecraft:chiseled_tuff":12,"minecraft:potatoes":172,"minecraft:vine":53,"minecraft:bamboo":19,"minecraft:birch_stairs":47,"minecraft:gray_concrete":2,"minecraft:glass_pane":2,"minecraft:cherry_planks":5,"minecraft:soul_sand":74,"minecraft:smooth_sandstone":90,"minecraft:short_grass":336,"minecraft:emerald_ore":2,"minecraft:warped_roots":1,"minecraft:lightning_rod":1,"minecraft:copper_ore":5,"minecraft:tall_grass":18,"minecraft:smooth_red_sandstone_slab":2,"minecraft:deepslate_gold_ore":40,"minecraft:diorite":2,"minecraft:big_dripleaf":1,"minecraft:black_stained_glass":2,"minecraft:coarse_dirt":8,"minecraft:light_blue_bed":5,"minecraft:spruce_log":10,"minecraft:birch_leaves":5,"minecraft:mangrove_leaves":1,"minecraft:dark_prismarine_slab":1,"minecraft:gravel":59,"minecraft:dripstone_block":10,"minecraft:cobweb":73,"minecraft:acacia_planks":8,"minecraft:stone_bricks":8,"minecraft:gold_ore":12,"minecraft:fern":53,"minecraft:large_amethyst_bud":1,"minecraft:spruce_planks":15,"minecraft:stone_pressure_plate":1,"minecraft:farmland":2,"minecraft:jungle_slab":2,"minecraft:sculk_vein":1,"minecraft:end_stone_brick_wall":1,"minecraft:brewing_stand":3,"minecraft:cave_vines_plant":2,"minecraft:budding_amethyst":1,"minecraft:grass_block":134,"minecraft:dead_tube_coral_block":3,"minecraft:cracked_polished_blackstone_bricks":2,"minecraft:soul_soil":84,"minecraft:mud_bricks":11,"minecraft:composter":4,"minecraft:tuff_bricks":11,"minecraft:sandstone_stairs":1,"minecraft:gilded_blackstone":3,"minecraft:iron_ore":115,"minecraft:polished_tuff":4,"minecraft:brown_bed":2,"minecraft:azure_bluet":2,"minecraft:dark_oak_stairs":4,"minecraft:pointed_dripstone":4,"minecraft:iron_bars":4,"minecraft:black_candle":5,"minecraft:azalea_leaves":150,"minecraft:azalea":2,"minecraft:end_stone_bricks":8,"minecraft:spruce_slab":2,"minecraft:green_bed":2,"minecraft:waxed_cut_copper":3,"minecraft:deepslate_redstone_ore":27,"minecraft:dead_bubble_coral_block":1,"minecraft:blackstone":35,"minecraft:twisting_vines_plant":1,"minecraft:polished_deepslate_stairs":1,"minecraft:orange_terracotta":2,"minecraft:clay":9,"minecraft:jungle_stairs":1,"minecraft:calcite":19,"minecraft:chest":4,"minecraft:nether_quartz_ore":8,"minecraft:cobblestone":112,"minecraft:oak_planks":18,"minecraft:iron_door":3,"minecraft:wall_torch":4,"minecraft:cauldron":1,"minecraft:pink_petals":2,"minecraft:seagrass":7,"minecraft:blue_terracotta":2,"minecraft:dark_oak_slab":1,"minecraft:birch_log":6,"minecraft:birch_trapdoor":1,"minecraft:purpur_block":6,"minecraft:tnt":13,"minecraft:oak_log":38,"minecraft:beetroots":1,"minecraft:dirt":10,"minecraft:sand":324,"minecraft:crimson_planks":9,"minecraft:tripwire_hook":2,"minecraft:netherrack":1669,"minecraft:oak_leaves":6,"minecraft:emerald_block":2,"minecraft:tuff":38,"minecraft:dark_oak_leaves":30,"minecraft:deepslate_diamond_ore":40,"minecraft:blackstone_wall":1,"minecraft:mangrove_roots":1,"minecraft:glow_lichen":1,"minecraft:ladder":2,"minecraft:purple_terracotta":1,"minecraft:decorated_pot":96,"minecraft:mangrove_trapdoor":1,"minecraft:spruce_leaves":12,"minecraft:rooted_dirt":10,"minecraft:sandstone":21,"minecraft:crimson_stem":6,"minecraft:large_fern":5,"minecraft:hay_block":84,"minecraft:furnace":2,"minecraft:chiseled_sandstone":14,"minecraft:peony":3,"minecraft:gold_block":4,"minecraft:dead_horn_coral_block":4,"minecraft:nether_brick_fence":2,"minecraft:polished_deepslate":13,"minecraft:bookshelf":46,"minecraft:shroomlight":1,"minecraft:deepslate_iron_ore":141,"minecraft:chorus_plant":13,"minecraft:stone":838,"minecraft:flowering_azalea":1,"minecraft:magenta_stained_glass":14,"minecraft:infested_stone_bricks":1,"minecraft:basalt":175,"minecraft:crafting_table":16,"minecraft:honey_block":1,"minecraft:oak_wood":12,"minecraft:lily_pad":3,"minecraft:sculk":4,"minecraft:blue_bed":2,"minecraft:spruce_stairs":2,"minecraft:dead_fire_coral_block":7,"minecraft:birch_planks":11,"minecraft:cactus":1,"minecraft:lime_bed":4,"minecraft:beehive":1,"minecraft:gray_bed":3,"minecraft:bee_nest":1,"minecraft:yellow_bed":1,"minecraft:dead_brain_coral_block":2,"minecraft:coal_ore":134,"minecraft:end_rod":1,"minecraft:gray_carpet":2,"minecraft:cracked_stone_bricks":2,"minecraft:stripped_acacia_wood":7,"minecraft:mossy_stone_bricks":5,"minecraft:crimson_fence":17},"minecraft:dropped":{"minecraft:clay":1,"minecraft:iron_sword":17,"minecraft:stripped_mangrove_wood":3,"minecraft:ominous_bottle":1,"minecraft:glow_ink_sac":11,"minecraft:chorus_fruit":57,"minecraft:glass_bottle":11,"minecraft:diamond":4,"minecraft:crafting_table":1,"minecraft:cooked_porkchop":6,"minecraft:red_sandstone":26,"minecraft:sandstone_stairs":18,"minecraft:crossbow":4,"minecraft:glow_berries":1,"minecraft:cracked_stone_bricks":2,"minecraft:elytra":4,"minecraft:cut_sandstone_slab":1,"minecraft:leather_helmet":2,"minecraft:red_mushroom":4,"minecraft:emerald":11,"minecraft:gold_block":3,"minecraft:dirt":21,"minecraft:stone_button":1,"minecraft:gold_nugget":13,"minecraft:bone_meal":1,"minecraft:phantom_membrane":3,"minecraft:sand":191,"minecraft:iron_pickaxe":16,"minecraft:dark_oak_planks":14,"minecraft:fishing_rod":1,"minecraft:dark_oak_boat":1,"minecraft:white_wool":1,"minecraft:birch_stairs":1,"minecraft:cyan_carpet":23,"minecraft:bone":120,"minecraft:stone_axe":1,"minecraft:sugar_cane":1,"minecraft:lever":1,"minecraft:iron_nugget":4,"minecraft:golden_chestplate":2,"minecraft:cobbled_deepslate":188,"minecraft:nether_brick":12,"minecraft:wheat":9,"minecraft:rotten_flesh":300,"minecraft:oak_planks":29,"minecraft:end_stone":21,"minecraft:glowstone_dust":1,"minecraft:azure_bluet":4,"minecraft:dead_fire_coral_block":7,"minecraft:waxed_copper_block":1,"minecraft:salmon":7,"minecraft:charcoal":4,"minecraft:chiseled_tuff":4,"minecraft:end_stone_bricks":44,"minecraft:warped_wart_block":2,"minecraft:dead_tube_coral_block":3,"minecraft:egg":4,"minecraft:crimson_planks":3,"minecraft:iron_ingot":96,"minecraft:enchanted_book":1,"minecraft:golden_boots":4,"minecraft:netherite_pickaxe":4,"minecraft:wheat_seeds":175,"minecraft:dripstone_block":14,"minecraft:cobblestone":358,"minecraft:feather":11,"minecraft:iron_helmet":3,"minecraft:dark_prismarine_slab":1,"minecraft:book":1,"minecraft:waxed_copper_grate":6,"minecraft:apple":13,"minecraft:coal":8,"minecraft:golden_apple":6,"minecraft:oxeye_daisy":1,"minecraft:jungle_slab":2,"minecraft:golden_carrot":30,"minecraft:wooden_axe":2,"minecraft:rabbit":1,"minecraft:cooked_salmon":28,"minecraft:diamond_helmet":1,"minecraft:potion":4,"minecraft:white_banner":4,"minecraft:string":127,"minecraft:smooth_sandstone":16,"minecraft:gray_carpet":25,"minecraft:acacia_planks":1,"minecraft:furnace":1,"minecraft:moss_carpet":4,"minecraft:soul_soil":39,"minecraft:stone_sword":6,"minecraft:clay_ball":23,"minecraft:iron_boots":6,"minecraft:name_tag":3,"minecraft:nether_bricks":17,"minecraft:polished_deepslate_stairs":1,"minecraft:shears":3,"minecraft:potato":2,"minecraft:diamond_sword":6,"minecraft:big_dripleaf":1,"minecraft:hay_block":42,"minecraft:allium":1,"minecraft:waxed_cut_copper":6,"minecraft:peony":1,"minecraft:spruce_planks":10,"minecraft:diamond_pickaxe":1,"minecraft:spider_eye":16,"minecraft:stone_pressure_plate":2,"minecraft:stone_bricks":13,"minecraft:bamboo":2,"minecraft:sandstone":39,"minecraft:red_sand":3,"minecraft:bow":10,"minecraft:nether_brick_stairs":1,"minecraft:soul_sand":70,"minecraft:moss_block":16,"minecraft:baked_potato":442,"minecraft:ender_pearl":44,"minecraft:decorated_pot":6,"minecraft:leather":7,"minecraft:jungle_planks":26,"minecraft:iron_horse_armor":1,"minecraft:cod":1,"minecraft:flint":6,"minecraft:cracked_polished_blackstone_bricks":2,"minecraft:dark_oak_log":25,"minecraft:cherry_trapdoor":4,"minecraft:mutton":2,"minecraft:cut_sandstone":33,"minecraft:gilded_blackstone":3,"minecraft:gold_ingot":79,"minecraft:gravel":52,"minecraft:blackstone":2,"minecraft:pointed_dripstone":14,"minecraft:beetroot":4,"minecraft:diamond_shovel":2,"minecraft:beehive":1,"minecraft:cooked_mutton":1,"minecraft:carrot":1,"minecraft:shulker_shell":6,"minecraft:poppy":2,"minecraft:rabbit_hide":1,"minecraft:gunpowder":7,"minecraft:birch_trapdoor":1,"minecraft:oak_wood":4,"minecraft:azalea":4,"minecraft:chest":1,"minecraft:chainmail_boots":2,"minecraft:basalt":117,"minecraft:arrow":144,"minecraft:quartz":21,"minecraft:netherrack":857,"minecraft:firework_rocket":38,"minecraft:water_bucket":5,"minecraft:bread":134,"minecraft:golden_helmet":1,"minecraft:lilac":1,"minecraft:mossy_cobblestone":1,"minecraft:diamond_leggings":1,"minecraft:poisonous_potato":5,"minecraft:golden_axe":1,"minecraft:polished_tuff":3,"minecraft:amethyst_block":5,"minecraft:dead_horn_coral_block":4,"minecraft:tropical_fish":3,"minecraft:spruce_stairs":1,"minecraft:grass_block":1,"minecraft:stick":32,"minecraft:diorite":1,"minecraft:smooth_red_sandstone":14,"minecraft:brown_wool":1,"minecraft:waxed_copper_bulb":1,"minecraft:iron_door":1,"minecraft:iron_leggings":12,"minecraft:jungle_leaves":1,"minecraft:iron_axe":3,"minecraft:cactus":3,"minecraft:pink_petals":4,"minecraft:bucket":8,"minecraft:chiseled_sandstone":4,"minecraft:smooth_basalt":2,"minecraft:redstone":52,"minecraft:polished_deepslate":1,"minecraft:anvil":1,"minecraft:kelp":3,"minecraft:tuff_bricks":2,"minecraft:coarse_dirt":1,"minecraft:raw_copper":3,"minecraft:tuff":4,"minecraft:composter":2,"minecraft:dead_bubble_coral_block":1,"minecraft:light_gray_wool":2,"minecraft:iron_hoe":1,"minecraft:totem_of_undying":3,"minecraft:flint_and_steel":1,"minecraft:deepslate_bricks":1,"minecraft:filled_map":7,"minecraft:mud_bricks":1,"minecraft:shield":14,"minecraft:diamond_chestplate":1,"minecraft:orange_terracotta":29,"minecraft:iron_chestplate":8,"minecraft:andesite":19,"minecraft:cake":1,"minecraft:mossy_stone_bricks":6,"minecraft:golden_leggings":2,"minecraft:diamond_boots":1,"minecraft:waxed_chiseled_copper":1,"minecraft:dead_brain_coral_block":2,"minecraft:raw_gold":3,"minecraft:stone_pickaxe":3,"minecraft:wooden_pickaxe":6,"minecraft:calcite":2,"minecraft:brick":99},"minecraft:broken":{"minecraft:iron_boots":1,"minecraft:iron_chestplate":1,"minecraft:iron_sword":4,"minecraft:wooden_pickaxe":3,"minecraft:shield":8,"minecraft:iron_axe":3,"minecraft:iron_pickaxe":8,"minecraft:iron_helmet":6,"minecraft:stone_pickaxe":1,"minecraft:golden_axe":1},"minecraft:picked_up":{"minecraft:wooden_axe":2,"minecraft:iron_chestplate":83,"minecraft:chainmail_boots":3,"minecraft:anvil":1,"minecraft:lead":25,"minecraft:diamond_sword":26,"minecraft:brown_bed":2,"minecraft:wither_rose":9,"minecraft:enchanted_book":50,"minecraft:brewing_stand":24,"minecraft:amethyst_block":5,"minecraft:golden_sword":4,"minecraft:polished_deepslate":21,"minecraft:string":923,"minecraft:soul_soil":100,"minecraft:cooked_salmon":182,"minecraft:red_nether_bricks":2,"minecraft:shroomlight":26,"minecraft:beetroot":7,"minecraft:diamond_leggings":26,"minecraft:gold_nugget":26,"minecraft:cobbled_deepslate":2202,"minecraft:crimson_fence":17,"minecraft:spruce_planks":196,"minecraft:trial_key":11,"minecraft:azalea_leaves":149,"minecraft:enchanted_golden_apple":3,"minecraft:melon_slice":96,"minecraft:golden_helmet":1,"minecraft:beehive":4,"minecraft:composter":2,"minecraft:big_dripleaf":2,"minecraft:green_bed":3,"minecraft:acacia_log":6,"minecraft:sandstone_wall":1,"minecraft:golden_axe":6,"minecraft:lightning_rod":9,"minecraft:waxed_copper_grate":11,"minecraft:golden_chestplate":2,"minecraft:cauldron":1,"minecraft:orange_bed":2,"minecraft:stone_sword":6,"minecraft:honey_bottle":1,"minecraft:tropical_fish":9,"minecraft:blackstone_wall":1,"minecraft:armadillo_scute":1,"minecraft:cyan_terracotta":7,"minecraft:end_rod":1,"minecraft:waxed_cut_copper":7,"minecraft:blaze_rod":4,"minecraft:iron_bars":4,"minecraft:birch_log":6,"minecraft:magma_block":21,"minecraft:dune_armor_trim_smithing_template":14,"minecraft:feather":13,"minecraft:cooked_beef":12,"minecraft:iron_door":6,"minecraft:water_bucket":68,"minecraft:jungle_log":522,"minecraft:brown_wool":2,"minecraft:dark_oak_boat":1,"minecraft:jungle_wood":217,"minecraft:smoker":1,"minecraft:flint":144,"minecraft:gray_concrete":2,"minecraft:lantern":1,"minecraft:rabbit":1,"minecraft:diamond_helmet":9,"minecraft:glowstone_dust":2,"minecraft:moss_block":35,"minecraft:warped_wart_block":4,"minecraft:stripped_acacia_wood":7,"minecraft:stripped_crimson_stem":21,"minecraft:stripped_spruce_log":8,"minecraft:dark_oak_log":196,"minecraft:iron_hoe":18,"minecraft:blue_terracotta":2,"minecraft:lever":1,"minecraft:dead_brain_coral_block":2,"minecraft:granite":2,"minecraft:golden_horse_armor":11,"minecraft:bread":1858,"minecraft:rooted_dirt":3,"minecraft:dark_oak_fence":11,"minecraft:diamond_pickaxe":21,"minecraft:crafting_table":44,"minecraft:mud":3,"minecraft:coarse_dirt":9,"minecraft:bee_nest":1,"minecraft:ominous_bottle":5,"minecraft:nether_wart":4,"minecraft:clay_ball":63,"minecraft:golden_pickaxe":1,"minecraft:purpur_block":10,"minecraft:dead_horn_coral_block":4,"minecraft:wind_charge":3,"minecraft:red_bed":17,"minecraft:elytra":13,"minecraft:flint_and_steel":13,"minecraft:iron_shovel":4,"minecraft:cracked_stone_bricks":2,"minecraft:beef":26,"minecraft:chiseled_tuff":21,"minecraft:iron_nugget":38,"minecraft:poppy":3,"minecraft:spruce_slab":8,"minecraft:chest":10,"minecraft:egg":17,"minecraft:sandstone":79,"minecraft:fire_charge":4,"minecraft:cake":12,"minecraft:carrot":42,"minecraft:redstone":988,"minecraft:netherite_pickaxe":5,"minecraft:mangrove_trapdoor":1,"minecraft:tnt":445,"minecraft:stone_shovel":1,"minecraft:diamond_chestplate":13,"minecraft:decorated_pot":19,"minecraft:beetroot_seeds":4,"minecraft:peony":1,"minecraft:deepslate_bricks":1,"minecraft:shears":14,"minecraft:diamond_boots":5,"minecraft:hay_block":428,"minecraft:sandstone_stairs":20,"minecraft:gold_ingot":460,"minecraft:totem_of_undying":32,"minecraft:tuff_bricks":12,"minecraft:glow_berries":61,"minecraft:mutton":15,"minecraft:white_wool":11,"minecraft:rail":23,"minecraft:oxeye_daisy":1,"minecraft:lime_bed":4,"minecraft:mud_bricks":7,"minecraft:smooth_red_sandstone":28,"minecraft:tripwire_hook":3,"minecraft:red_mushroom":4,"minecraft:acacia_wood":12,"minecraft:filled_map":2,"minecraft:packed_mud":7,"minecraft:purpur_stairs":1,"minecraft:oak_log":72,"minecraft:lily_pad":6,"minecraft:golden_boots":10,"minecraft:blue_bed":2,"minecraft:white_banner":15,"minecraft:apple":287,"minecraft:stone_bricks":19,"minecraft:kelp":3,"minecraft:stone_pickaxe":8,"minecraft:iron_ore":199,"minecraft:glass_bottle":10,"minecraft:gray_bed":3,"minecraft:iron_sword":177,"minecraft:dark_oak_stairs":3,"minecraft:smooth_basalt":2,"minecraft:dark_oak_slab":1,"minecraft:sweet_berries":3,"minecraft:spyglass":25,"minecraft:dead_fire_coral_block":7,"minecraft:gravel":87,"minecraft:crimson_stairs":40,"minecraft:birch_stairs":37,"minecraft:spruce_sapling":1,"minecraft:spruce_log":8,"minecraft:crying_obsidian":23,"minecraft:polished_tuff":5,"minecraft:leather_helmet":2,"minecraft:oak_wood":21,"minecraft:firework_rocket":1760,"minecraft:diamond_shovel":21,"minecraft:slime_ball":15,"minecraft:diamond_axe":1,"minecraft:birch_sign":6,"minecraft:baked_potato":2621,"minecraft:ender_pearl":154,"minecraft:shulker_shell":14,"minecraft:wheat":160,"minecraft:nether_brick_fence":2,"minecraft:ender_chest":7,"minecraft:sentry_armor_trim_smithing_template":2,"minecraft:potion":45,"minecraft:gilded_blackstone":3,"minecraft:nether_brick":70,"minecraft:crimson_planks":81,"minecraft:dead_tube_coral_block":3,"minecraft:raw_copper":12,"minecraft:smooth_stone_slab":5,"minecraft:iron_leggings":81,"minecraft:netherite_ingot":10,"minecraft:experience_bottle":21,"minecraft:smooth_red_sandstone_slab":4,"minecraft:sea_pickle":1,"minecraft:red_sand":102,"minecraft:comparator":1,"minecraft:bucket":19,"minecraft:dark_oak_leaves":11,"minecraft:ender_eye":4,"minecraft:calcite":25,"minecraft:azalea":6,"minecraft:wooden_shovel":1,"minecraft:smooth_quartz":20,"minecraft:iron_pickaxe":142,"minecraft:iron_boots":101,"minecraft:furnace":20,"minecraft:stick":211,"minecraft:birch_trapdoor":1,"minecraft:polished_deepslate_stairs":2,"minecraft:torch":187,"minecraft:spruce_stairs":3,"minecraft:porkchop":96,"minecraft:dried_kelp":1,"minecraft:pointed_dripstone":36,"minecraft:diorite":6,"minecraft:vine":20,"minecraft:goat_horn":8,"minecraft:cactus":213,"minecraft:rotten_flesh":502,"minecraft:mangrove_roots":1,"minecraft:cod":1,"minecraft:obsidian":119,"minecraft:cobblestone":1897,"minecraft:pink_petals":10,"minecraft:lilac":1,"minecraft:magma_cream":3,"minecraft:cherry_planks":169,"minecraft:andesite":51,"minecraft:golden_leggings":2,"minecraft:chiseled_quartz_block":5,"minecraft:oxidized_copper_bulb":1,"minecraft:potato":1468,"minecraft:tuff":36,"minecraft:smooth_sandstone_stairs":16,"minecraft:wither_skeleton_skull":1,"minecraft:lapis_lazuli":198,"minecraft:oxidized_copper_door":1,"minecraft:dirt":160,"minecraft:cut_sandstone_slab":6,"minecraft:name_tag":30,"minecraft:bone":489,"minecraft:acacia_planks":33,"minecraft:bow":51,"minecraft:wheat_seeds":539,"minecraft:raw_gold":95,"minecraft:bolt_armor_trim_smithing_template":52,"minecraft:mossy_stone_bricks":9,"minecraft:fletching_table":1,"minecraft:bamboo":31,"minecraft:oak_planks":114,"minecraft:stone_hoe":6,"minecraft:cooked_porkchop":53,"minecraft:axolotl_bucket":5,"minecraft:poisonous_potato":9,"minecraft:waxed_chiseled_copper":2,"minecraft:sand":782,"minecraft:jungle_planks":261,"minecraft:nether_brick_stairs":10,"minecraft:shulker_box":91,"minecraft:grass_block":74,"minecraft:cyan_bed":12,"minecraft:jungle_slab":2,"minecraft:spectral_arrow":117,"minecraft:chiseled_sandstone":30,"minecraft:mossy_cobblestone":5,"minecraft:dark_prismarine":23,"minecraft:jungle_leaves":94,"minecraft:dark_prismarine_slab":1,"minecraft:clay":1,"minecraft:diamond":205,"minecraft:soul_lantern":1,"minecraft:cracked_polished_blackstone_bricks":2,"minecraft:crossbow":29,"minecraft:breeze_rod":4,"minecraft:bone_meal":128,"minecraft:golden_apple":25,"minecraft:emerald":1371,"minecraft:oak_sapling":1,"minecraft:netherrack":2169,"minecraft:chorus_fruit":501,"minecraft:end_stone_bricks":46,"minecraft:fishing_rod":19,"minecraft:charcoal":8,"minecraft:allium":4,"minecraft:azure_bluet":6,"minecraft:splash_potion":3,"minecraft:chicken":5,"minecraft:ladder":2,"minecraft:brown_mushroom":2,"minecraft:wooden_pickaxe":9,"minecraft:gold_block":27,"minecraft:diamond_horse_armor":1,"minecraft:brick":177,"minecraft:shield":97,"minecraft:moss_carpet":9,"minecraft:iron_axe":61,"minecraft:cyan_carpet":23,"minecraft:blackstone":224,"minecraft:oak_boat":1,"minecraft:player_head":54,"minecraft:light_gray_wool":15,"minecraft:lectern":1,"minecraft:sugar_cane":755,"minecraft:spruce_trapdoor":1,"minecraft:cherry_trapdoor":6,"minecraft:phantom_membrane":24,"minecraft:dark_oak_sapling":27,"minecraft:raw_iron":958,"minecraft:end_stone":343,"minecraft:stripped_mangrove_wood":7,"minecraft:copper_ingot":6,"minecraft:stone_button":6,"minecraft:light_blue_bed":9,"minecraft:iron_horse_armor":19,"minecraft:stone_pressure_plate":4,"minecraft:dark_oak_planks":550,"minecraft:arrow":2042,"minecraft:pumpkin_pie":11,"minecraft:nether_bricks":70,"minecraft:saddle":48,"minecraft:skeleton_skull":3,"minecraft:jungle_boat":1,"minecraft:basalt":147,"minecraft:golden_carrot":97,"minecraft:glow_ink_sac":19,"minecraft:crimson_stem":6,"minecraft:salmon":134,"minecraft:cut_sandstone":75,"minecraft:leather":56,"minecraft:birch_planks":28,"minecraft:waxed_copper_bulb":1,"minecraft:chainmail_chestplate":2,"minecraft:waxed_copper_block":10,"minecraft:yellow_bed":1,"minecraft:gunpowder":1418,"minecraft:orange_terracotta":30,"minecraft:cooked_mutton":8,"minecraft:smooth_sandstone":58,"minecraft:gray_carpet":28,"minecraft:red_sandstone":47,"minecraft:rabbit_hide":1,"minecraft:spruce_wood":62,"minecraft:iron_ingot":2385,"minecraft:cooked_chicken":4,"minecraft:soul_sand":158,"minecraft:book":279,"minecraft:black_candle":60,"minecraft:emerald_block":9,"minecraft:chiseled_stone_bricks":1,"minecraft:quartz":23,"minecraft:dripstone_block":23,"minecraft:lava_bucket":30,"minecraft:amethyst_shard":304,"minecraft:blast_furnace":32,"minecraft:white_bed":13,"minecraft:nether_brick_slab":1,"minecraft:spider_eye":51,"minecraft:pumpkin_seeds":1,"minecraft:dead_bubble_coral_block":1,"minecraft:honey_block":1,"minecraft:iron_helmet":57,"minecraft:netherite_hoe":15,"minecraft:dark_oak_wood":16,"minecraft:chiseled_tuff_bricks":2,"minecraft:coal":1075},"minecraft:custom":{"minecraft:interact_with_crafting_table":218,"minecraft:open_barrel":237,"minecraft:bell_ring":7,"minecraft:eat_cake_slice":7,"minecraft:leave_game":17,"minecraft:time_since_death":33261,"minecraft:damage_blocked_by_shield":36048,"minecraft:play_time":3060441,"minecraft:deaths":296,"minecraft:jump":35686,"minecraft:interact_with_furnace":119,"minecraft:traded_with_villager":56,"minecraft:sleep_in_bed":83,"minecraft:damage_dealt":183576,"minecraft:interact_with_smoker":125,"minecraft:interact_with_smithing_table":1,"minecraft:use_cauldron":3,"minecraft:inspect_dispenser":5,"minecraft:horse_one_cm":6213249,"minecraft:interact_with_anvil":7,"minecraft:inspect_hopper":1,"minecraft:sneak_time":118512,"minecraft:interact_with_lectern":1,"minecraft:interact_with_blast_furnace":49,"minecraft:total_world_time":3060441,"minecraft:tune_noteblock":8,"minecraft:time_since_rest":33342,"minecraft:swim_one_cm":1497852,"minecraft:fly_one_cm":5873752,"minecraft:open_chest":674,"minecraft:fish_caught":1,"minecraft:fall_one_cm":1340561,"minecraft:open_shulker_box":222,"minecraft:damage_resisted":209,"minecraft:sprint_one_cm":6211761,"minecraft:drop":913,"minecraft:talked_to_villager":23,"minecraft:interact_with_brewingstand":3,"minecraft:walk_on_water_one_cm":879993,"minecraft:open_enderchest":199,"minecraft:player_kills":6,"minecraft:crouch_one_cm":207236,"minecraft:mob_kills":1029,"minecraft:fill_cauldron":1,"minecraft:interact_with_campfire":11,"minecraft:damage_dealt_resisted":176,"minecraft:climb_one_cm":142504,"minecraft:walk_one_cm":6260867,"minecraft:walk_under_water_one_cm":882343,"minecraft:boat_one_cm":962995,"minecraft:raid_trigger":1,"minecraft:damage_taken":182293,"minecraft:damage_absorbed":400,"minecraft:trigger_trapped_chest":4,"minecraft:aviate_one_cm":3848313},"minecraft:crafted":{"minecraft:cooked_mutton":7,"minecraft:diamond_helmet":1,"minecraft:diamond_leggings":2,"minecraft:cooked_porkchop":8,"minecraft:jungle_boat":2,"minecraft:fletching_table":1,"minecraft:iron_pickaxe":21,"minecraft:gold_ingot":21,"minecraft:bone_meal":237,"minecraft:dark_oak_fence":3,"minecraft:ladder":18,"minecraft:stone_pickaxe":5,"minecraft:diamond_boots":3,"minecraft:dark_oak_planks":580,"minecraft:wheat":954,"minecraft:crimson_stairs":40,"minecraft:iron_shovel":1,"minecraft:iron_leggings":11,"minecraft:white_bed":3,"minecraft:oak_planks":160,"minecraft:dark_oak_boat":2,"minecraft:cooked_chicken":3,"minecraft:cobblestone_stairs":8,"minecraft:bow":3,"minecraft:iron_boots":8,"minecraft:chest":5,"minecraft:stone_hoe":1,"minecraft:golden_boots":1,"minecraft:smoker":4,"minecraft:arrow":848,"minecraft:cauldron":4,"minecraft:crafting_table":34,"minecraft:spruce_planks":40,"minecraft:iron_helmet":12,"minecraft:baked_potato":581,"minecraft:wooden_pickaxe":9,"minecraft:birch_planks":24,"minecraft:shield":15,"minecraft:iron_chestplate":6,"minecraft:paper":198,"minecraft:charcoal":5,"minecraft:diamond_pickaxe":1,"minecraft:stick":208,"minecraft:iron_ingot":286,"minecraft:stone_sword":4,"minecraft:shears":2,"minecraft:golden_chestplate":1,"minecraft:furnace":8,"minecraft:flint_and_steel":1,"minecraft:iron_axe":7,"minecraft:iron_hoe":2,"minecraft:cooked_beef":14,"minecraft:crimson_planks":108,"minecraft:jungle_wood":9,"minecraft:iron_sword":12,"minecraft:cooked_salmon":84,"minecraft:bucket":13,"minecraft:stone_axe":3,"minecraft:air":0,"minecraft:bread":348,"minecraft:jungle_planks":392,"minecraft:oak_boat":6,"minecraft:acacia_planks":48,"minecraft:torch":44,"minecraft:diamond_chestplate":2,"minecraft:firework_rocket":462},"minecraft:used":{"minecraft:beetroot":12,"minecraft:moss_block":7,"minecraft:tuff_bricks":4,"minecraft:ladder":17,"minecraft:chiseled_tuff":6,"minecraft:elytra":51,"minecraft:spruce_slab":1,"minecraft:poppy":1,"minecraft:chest":9,"minecraft:rotten_flesh":15,"minecraft:soul_sand":34,"minecraft:stripped_spruce_log":1,"minecraft:lava_bucket":164,"minecraft:grass_block":73,"minecraft:netherite_hoe":2,"minecraft:dark_oak_leaves":11,"minecraft:bow":828,"minecraft:dark_oak_boat":2,"minecraft:sweet_berries":3,"minecraft:furnace":4,"minecraft:oak_sapling":1,"minecraft:egg":9,"minecraft:potato":201,"minecraft:mossy_stone_bricks":3,"minecraft:chorus_fruit":38,"minecraft:blackstone":91,"minecraft:leather_chestplate":1,"minecraft:wooden_pickaxe":266,"minecraft:jungle_boat":3,"minecraft:oak_leaves":4,"minecraft:stripped_mangrove_wood":1,"minecraft:golden_apple":3,"minecraft:glow_berries":1,"minecraft:sand":243,"minecraft:cut_sandstone_slab":3,"minecraft:blast_furnace":9,"minecraft:smooth_red_sandstone":5,"minecraft:lightning_rod":5,"minecraft:red_sandstone":3,"minecraft:chiseled_sandstone":10,"minecraft:stone_button":1,"minecraft:soul_lantern":1,"minecraft:chiseled_tuff_bricks":2,"minecraft:diamond_sword":500,"minecraft:dark_oak_fence":9,"minecraft:oak_boat":6,"minecraft:iron_bars":4,"minecraft:stone_sword":188,"minecraft:cooked_salmon":48,"minecraft:trial_key":2,"minecraft:netherrack":836,"minecraft:orange_bed":2,"minecraft:torch":87,"minecraft:brewing_stand":2,"minecraft:shroomlight":2,"minecraft:rooted_dirt":3,"minecraft:iron_axe":1150,"minecraft:jungle_log":47,"minecraft:smooth_quartz":6,"minecraft:totem_of_undying":1,"minecraft:mud_bricks":2,"minecraft:bamboo":4,"minecraft:diamond_chestplate":25,"minecraft:basalt":30,"minecraft:goat_horn":4,"minecraft:cobbled_deepslate":475,"minecraft:acacia_planks":16,"minecraft:pointed_dripstone":13,"minecraft:golden_axe":78,"minecraft:calcite":5,"minecraft:wheat_seeds":136,"minecraft:water_bucket":310,"minecraft:sandstone_stairs":2,"minecraft:cauldron":5,"minecraft:fletching_table":2,"minecraft:leather_boots":1,"minecraft:gilded_blackstone":5,"minecraft:salmon":10,"minecraft:vine":20,"minecraft:tnt":1,"minecraft:crafting_table":49,"minecraft:red_bed":16,"minecraft:white_bed":10,"minecraft:mud":1,"minecraft:oak_log":6,"minecraft:dark_prismarine":2,"minecraft:diamond_pickaxe":921,"minecraft:ender_eye":2,"minecraft:diamond_shovel":278,"minecraft:wind_charge":11,"minecraft:iron_pickaxe":4042,"minecraft:spruce_sapling":1,"minecraft:cobblestone":305,"minecraft:azalea_leaves":149,"minecraft:potion":13,"minecraft:crimson_stairs":22,"minecraft:cooked_porkchop":14,"minecraft:porkchop":2,"minecraft:diamond_leggings":12,"minecraft:moss_carpet":2,"minecraft:red_sand":15,"minecraft:polished_deepslate":13,"minecraft:iron_shovel":168,"minecraft:shield":539,"minecraft:decorated_pot":14,"minecraft:iron_sword":3760,"minecraft:player_head":13,"minecraft:iron_chestplate":58,"minecraft:jungle_planks":111,"minecraft:nether_bricks":3,"minecraft:carrot":25,"minecraft:beehive":1,"minecraft:axolotl_bucket":1,"minecraft:obsidian":17,"minecraft:milk_bucket":1,"minecraft:iron_horse_armor":1,"minecraft:spruce_wood":13,"minecraft:packed_mud":1,"minecraft:iron_helmet":36,"minecraft:light_blue_bed":4,"minecraft:stone_bricks":4,"minecraft:golden_sword":4,"minecraft:magma_block":15,"minecraft:hay_block":2,"minecraft:gray_bed":2,"minecraft:gold_block":3,"minecraft:skeleton_skull":1,"minecraft:dark_oak_sapling":20,"minecraft:golden_boots":4,"minecraft:dark_oak_stairs":3,"minecraft:diamond_boots":4,"minecraft:stone_pickaxe":325,"minecraft:oak_planks":28,"minecraft:ender_pearl":49,"minecraft:blue_bed":2,"minecraft:crossbow":99,"minecraft:dripstone_block":6,"minecraft:end_stone":185,"minecraft:shears":281,"minecraft:waxed_chiseled_copper":1,"minecraft:redstone_torch":1,"minecraft:firework_rocket":111,"minecraft:melon_slice":62,"minecraft:bread":334,"minecraft:dark_oak_log":1,"minecraft:cyan_bed":7,"minecraft:gravel":19,"minecraft:iron_door":1,"minecraft:smooth_red_sandstone_slab":4,"minecraft:andesite":5,"minecraft:coarse_dirt":3,"minecraft:bone_meal":220,"minecraft:experience_bottle":19,"minecraft:azalea":1,"minecraft:jungle_leaves":93,"minecraft:crimson_fence":17,"minecraft:tropical_fish":1,"minecraft:flint_and_steel":56,"minecraft:dried_kelp":1,"minecraft:spruce_planks":1,"minecraft:stone_hoe":30,"minecraft:cooked_chicken":3,"minecraft:dirt":37,"minecraft:spyglass":125,"minecraft:diamond_helmet":3,"minecraft:shulker_box":83,"minecraft:golden_chestplate":5,"minecraft:iron_hoe":101,"minecraft:dark_oak_planks":497,"minecraft:smooth_sandstone":6,"minecraft:iron_boots":38,"minecraft:crimson_planks":1,"minecraft:golden_carrot":2,"minecraft:soul_soil":32,"minecraft:netherite_pickaxe":1,"minecraft:cooked_beef":4,"minecraft:enchanted_golden_apple":2,"minecraft:iron_leggings":42,"minecraft:cooked_mutton":3,"minecraft:iron_ore":16,"minecraft:cobblestone_stairs":8,"minecraft:glass_bottle":1,"minecraft:baked_potato":638,"minecraft:red_nether_bricks":2,"minecraft:brown_mushroom":2,"minecraft:cut_sandstone":6,"minecraft:green_bed":3,"minecraft:waxed_copper_block":1,"minecraft:jungle_wood":100,"minecraft:lime_bed":3,"minecraft:smoker":5,"minecraft:apple":12,"minecraft:stone_axe":6,"minecraft:pink_petals":6,"minecraft:fishing_rod":13,"minecraft:white_banner":2,"minecraft:bucket":485,"minecraft:yellow_bed":1,"minecraft:sea_pickle":1,"minecraft:birch_stairs":36},"minecraft:killed_by":{"minecraft:piglin_brute":2,"minecraft:ravager":5,"minecraft:vindicator":20,"minecraft:zombie":10,"minecraft:vex":10,"minecraft:husk":13,"minecraft:stray":1,"minecraft:ender_dragon":3,"minecraft:slime":1,"minecraft:ghast":2,"minecraft:evoker":1,"minecraft:zombified_piglin":2,"minecraft:wither_skeleton":79,"minecraft:creeper":10,"minecraft:piglin":3,"minecraft:cave_spider":2,"minecraft:blaze":3,"minecraft:witch":2,"minecraft:player":3,"minecraft:spider":1,"minecraft:enderman":4,"minecraft:hoglin":7,"minecraft:skeleton":32,"minecraft:phantom":28}},"DataVersion":3955}