{"stats":{"minecraft:killed_by":{"minecraft:zombie_villager":1,"minecraft:piglin_brute":2,"minecraft:ravager":5,"minecraft:vindicator":20,"minecraft:zombie":10,"minecraft:vex":10,"minecraft:husk":13,"minecraft:stray":1,"minecraft:ender_dragon":3,"minecraft:slime":2,"minecraft:ghast":2,"minecraft:evoker":1,"minecraft:wither_skeleton":79,"minecraft:zombified_piglin":2,"minecraft:creeper":12,"minecraft:piglin":4,"minecraft:cave_spider":2,"minecraft:blaze":3,"minecraft:witch":2,"minecraft:player":3,"minecraft:spider":1,"minecraft:enderman":4,"minecraft:hoglin":7,"minecraft:skeleton":35,"minecraft:phantom":28},"minecraft:custom":{"minecraft:interact_with_crafting_table":270,"minecraft:open_barrel":370,"minecraft:bell_ring":7,"minecraft:eat_cake_slice":7,"minecraft:leave_game":31,"minecraft:time_since_death":19107,"minecraft:damage_blocked_by_shield":50756,"minecraft:play_time":4200990,"minecraft:deaths":310,"minecraft:jump":48060,"minecraft:interact_with_furnace":126,"minecraft:traded_with_villager":127,"minecraft:sleep_in_bed":106,"minecraft:damage_dealt":224361,"minecraft:interact_with_smoker":262,"minecraft:interact_with_smithing_table":1,"minecraft:inspect_dispenser":10,"minecraft:horse_one_cm":6927646,"minecraft:use_cauldron":4,"minecraft:interact_with_anvil":32,"minecraft:inspect_hopper":1,"minecraft:sneak_time":165358,"minecraft:interact_with_lectern":1,"minecraft:interact_with_blast_furnace":133,"minecraft:total_world_time":4200990,"minecraft:tune_noteblock":8,"minecraft:time_since_rest":19204,"minecraft:swim_one_cm":1817381,"minecraft:fly_one_cm":7995922,"minecraft:open_chest":893,"minecraft:fish_caught":6,"minecraft:fall_one_cm":1614312,"minecraft:open_shulker_box":428,"minecraft:damage_resisted":209,"minecraft:sprint_one_cm":8498455,"minecraft:drop":1153,"minecraft:talked_to_villager":117,"minecraft:interact_with_brewingstand":4,"minecraft:walk_on_water_one_cm":1102755,"minecraft:open_enderchest":357,"minecraft:player_kills":6,"minecraft:crouch_one_cm":298728,"minecraft:mob_kills":1428,"minecraft:fill_cauldron":1,"minecraft:interact_with_campfire":11,"minecraft:damage_dealt_resisted":176,"minecraft:climb_one_cm":205222,"minecraft:walk_one_cm":8638559,"minecraft:raid_win":1,"minecraft:walk_under_water_one_cm":993897,"minecraft:boat_one_cm":1118498,"minecraft:raid_trigger":2,"minecraft:pot_flower":1,"minecraft:damage_taken":205077,"minecraft:damage_absorbed":560,"minecraft:trigger_trapped_chest":7,"minecraft:aviate_one_cm":5552041},"minecraft:dropped":{"minecraft:clay":1,"minecraft:iron_sword":19,"minecraft:stripped_mangrove_wood":3,"minecraft:ominous_bottle":1,"minecraft:glow_ink_sac":11,"minecraft:chorus_fruit":57,"minecraft:glass_bottle":12,"minecraft:diamond":63,"minecraft:crafting_table":1,"minecraft:sandstone_stairs":18,"minecraft:cooked_porkchop":10,"minecraft:red_sandstone":33,"minecraft:crossbow":11,"minecraft:glow_berries":1,"minecraft:rooted_dirt":5,"minecraft:cracked_stone_bricks":2,"minecraft:saddle":1,"minecraft:purpur_stairs":1,"minecraft:elytra":7,"minecraft:cut_sandstone_slab":1,"minecraft:leather_helmet":2,"minecraft:red_mushroom":4,"minecraft:emerald":14,"minecraft:gold_block":3,"minecraft:dirt":21,"minecraft:stone_button":1,"minecraft:gold_nugget":13,"minecraft:bone_meal":18,"minecraft:phantom_membrane":5,"minecraft:sand":253,"minecraft:iron_pickaxe":18,"minecraft:dark_oak_planks":20,"minecraft:fishing_rod":1,"minecraft:dark_oak_boat":1,"minecraft:white_wool":5,"minecraft:birch_stairs":1,"minecraft:cyan_carpet":23,"minecraft:bone":162,"minecraft:waxed_cut_copper_slab":6,"minecraft:stone_axe":1,"minecraft:sugar_cane":1,"minecraft:lever":1,"minecraft:iron_nugget":4,"minecraft:cooked_chicken":1,"minecraft:golden_chestplate":2,"minecraft:cobbled_deepslate":393,"minecraft:nether_brick":12,"minecraft:wheat":9,"minecraft:obsidian":15,"minecraft:rotten_flesh":357,"minecraft:oak_planks":29,"minecraft:glowstone_dust":1,"minecraft:end_stone":517,"minecraft:azure_bluet":4,"minecraft:dead_fire_coral_block":7,"minecraft:salmon":7,"minecraft:waxed_copper_block":1,"minecraft:tipped_arrow":23,"minecraft:charcoal":4,"minecraft:leather_boots":1,"minecraft:chiseled_tuff":4,"minecraft:end_stone_bricks":44,"minecraft:warped_wart_block":2,"minecraft:dead_tube_coral_block":3,"minecraft:egg":4,"minecraft:crimson_planks":3,"minecraft:iron_ingot":102,"minecraft:enchanted_book":2,"minecraft:golden_boots":4,"minecraft:netherite_pickaxe":4,"minecraft:wheat_seeds":183,"minecraft:dripstone_block":14,"minecraft:cobblestone":379,"minecraft:feather":11,"minecraft:iron_helmet":3,"minecraft:dark_prismarine_slab":1,"minecraft:book":1,"minecraft:waxed_copper_grate":6,"minecraft:apple":13,"minecraft:coal":8,"minecraft:golden_apple":6,"minecraft:oxeye_daisy":1,"minecraft:jungle_slab":2,"minecraft:golden_carrot":30,"minecraft:wooden_hoe":1,"minecraft:wooden_axe":2,"minecraft:rabbit":1,"minecraft:cooked_salmon":28,"minecraft:diamond_helmet":2,"minecraft:potion":4,"minecraft:smooth_sandstone_slab":3,"minecraft:white_banner":5,"minecraft:mud":1,"minecraft:chainmail_leggings":2,"minecraft:string":132,"minecraft:smooth_sandstone":43,"minecraft:gray_carpet":25,"minecraft:acacia_planks":1,"minecraft:furnace":1,"minecraft:moss_carpet":5,"minecraft:soul_soil":74,"minecraft:netherite_ingot":3,"minecraft:stone_sword":6,"minecraft:experience_bottle":1,"minecraft:clay_ball":31,"minecraft:iron_boots":6,"minecraft:name_tag":3,"minecraft:end_stone_brick_wall":2,"minecraft:nether_bricks":17,"minecraft:polished_deepslate_stairs":1,"minecraft:shears":3,"minecraft:diamond_sword":10,"minecraft:big_dripleaf":1,"minecraft:potato":3,"minecraft:hay_block":42,"minecraft:flower_pot":2,"minecraft:allium":1,"minecraft:peony":1,"minecraft:waxed_cut_copper":8,"minecraft:spruce_planks":11,"minecraft:diamond_pickaxe":2,"minecraft:bamboo":2,"minecraft:spider_eye":17,"minecraft:stone_pressure_plate":2,"minecraft:stone_bricks":13,"minecraft:sandstone":39,"minecraft:bow":12,"minecraft:red_sand":3,"minecraft:terracotta":4,"minecraft:nether_brick_stairs":1,"minecraft:soul_sand":92,"minecraft:moss_block":17,"minecraft:baked_potato":733,"minecraft:ender_pearl":48,"minecraft:decorated_pot":6,"minecraft:sandstone_slab":1,"minecraft:leather":7,"minecraft:jungle_planks":26,"minecraft:iron_horse_armor":1,"minecraft:mangrove_planks":9,"minecraft:cod":1,"minecraft:flint":6,"minecraft:cracked_polished_blackstone_bricks":2,"minecraft:dark_oak_log":25,"minecraft:netherite_scrap":4,"minecraft:cherry_trapdoor":4,"minecraft:mutton":2,"minecraft:cut_sandstone":37,"minecraft:gilded_blackstone":3,"minecraft:gold_ingot":79,"minecraft:gravel":52,"minecraft:purpur_block":2,"minecraft:blackstone":2,"minecraft:smooth_sandstone_stairs":2,"minecraft:pointed_dripstone":14,"minecraft:beetroot":4,"minecraft:diamond_shovel":2,"minecraft:beehive":1,"minecraft:cooked_mutton":1,"minecraft:carrot":2,"minecraft:chainmail_chestplate":1,"minecraft:shulker_shell":6,"minecraft:poppy":2,"minecraft:rabbit_hide":1,"minecraft:gunpowder":11,"minecraft:birch_trapdoor":1,"minecraft:oak_wood":4,"minecraft:chainmail_boots":2,"minecraft:azalea":4,"minecraft:chest":2,"minecraft:basalt":117,"minecraft:iron_bars":2,"minecraft:arrow":147,"minecraft:quartz":21,"minecraft:netherrack":1086,"minecraft:firework_rocket":115,"minecraft:water_bucket":10,"minecraft:bread":135,"minecraft:golden_helmet":1,"minecraft:lilac":1,"minecraft:mossy_cobblestone":1,"minecraft:diamond_leggings":2,"minecraft:poisonous_potato":5,"minecraft:golden_axe":1,"minecraft:jungle_wood":3,"minecraft:polished_tuff":4,"minecraft:amethyst_block":9,"minecraft:ominous_trial_key":1,"minecraft:dead_horn_coral_block":4,"minecraft:tropical_fish":17,"minecraft:spruce_stairs":1,"minecraft:grass_block":1,"minecraft:stick":33,"minecraft:smooth_red_sandstone":28,"minecraft:diorite":1,"minecraft:torch":1,"minecraft:brown_wool":1,"minecraft:waxed_copper_bulb":1,"minecraft:iron_door":1,"minecraft:iron_leggings":13,"minecraft:jungle_leaves":1,"minecraft:iron_axe":6,"minecraft:cactus":8,"minecraft:pink_petals":4,"minecraft:bucket":8,"minecraft:chiseled_sandstone":4,"minecraft:smooth_basalt":2,"minecraft:redstone":52,"minecraft:polished_deepslate":1,"minecraft:anvil":1,"minecraft:kelp":3,"minecraft:tuff_bricks":18,"minecraft:coarse_dirt":1,"minecraft:nether_wart":1,"minecraft:raw_copper":3,"minecraft:tuff":4,"minecraft:composter":2,"minecraft:dead_bubble_coral_block":1,"minecraft:light_gray_wool":2,"minecraft:iron_hoe":1,"minecraft:totem_of_undying":4,"minecraft:shulker_box":2,"minecraft:flint_and_steel":1,"minecraft:deepslate_bricks":1,"minecraft:filled_map":10,"minecraft:mud_bricks":1,"minecraft:shield":16,"minecraft:trial_key":1,"minecraft:diamond_chestplate":3,"minecraft:orange_terracotta":29,"minecraft:iron_chestplate":8,"minecraft:andesite":19,"minecraft:cake":1,"minecraft:mossy_stone_bricks":6,"minecraft:golden_leggings":2,"minecraft:diamond_boots":3,"minecraft:waxed_chiseled_copper":2,"minecraft:slime_ball":15,"minecraft:raw_gold":3,"minecraft:stone_pickaxe":3,"minecraft:wooden_pickaxe":6,"minecraft:dead_brain_coral_block":2,"minecraft:calcite":4,"minecraft:brick":99},"minecraft:broken":{"minecraft:iron_boots":1,"minecraft:iron_chestplate":1,"minecraft:iron_sword":5,"minecraft:bow":1,"minecraft:wooden_pickaxe":3,"minecraft:shield":12,"minecraft:iron_axe":3,"minecraft:iron_pickaxe":9,"minecraft:iron_helmet":6,"minecraft:stone_pickaxe":1,"minecraft:golden_axe":1},"minecraft:killed":{"minecraft:cave_spider":8,"minecraft:shulker":50,"minecraft:skeleton":192,"minecraft:guardian":2,"minecraft:chicken":5,"minecraft:magma_cube":1,"minecraft:parrot":2,"minecraft:salmon":96,"minecraft:iron_golem":6,"minecraft:pillager":76,"minecraft:zombie":157,"minecraft:cow":13,"minecraft:evoker":14,"minecraft:vindicator":66,"minecraft:husk":133,"minecraft:wandering_trader":3,"minecraft:ravager":5,"minecraft:breeze":1,"minecraft:enderman":219,"minecraft:witch":10,"minecraft:zombified_piglin":5,"minecraft:spider":39,"minecraft:silverfish":3,"minecraft:piglin_brute":2,"minecraft:piglin":12,"minecraft:pig":2,"minecraft:zombie_villager":2,"minecraft:creeper":27,"minecraft:sheep":12,"minecraft:trader_llama":6,"minecraft:ghast":9,"minecraft:stray":25,"minecraft:blaze":3,"minecraft:vex":4,"minecraft:slime":36,"minecraft:phantom":42,"minecraft:panda":1,"minecraft:drowned":12,"minecraft:hoglin":2,"minecraft:wither_skeleton":51,"minecraft:player":3,"minecraft:villager":5},"minecraft:picked_up":{"minecraft:wooden_axe":2,"minecraft:iron_chestplate":87,"minecraft:chainmail_boots":4,"minecraft:anvil":2,"minecraft:flower_pot":5,"minecraft:lead":36,"minecraft:diamond_sword":31,"minecraft:brown_bed":5,"minecraft:wither_rose":9,"minecraft:enchanted_book":58,"minecraft:brewing_stand":24,"minecraft:golden_sword":4,"minecraft:amethyst_block":9,"minecraft:polished_deepslate":21,"minecraft:string":929,"minecraft:soul_soil":137,"minecraft:cooked_salmon":182,"minecraft:red_nether_bricks":2,"minecraft:beetroot_soup":1,"minecraft:pufferfish":1,"minecraft:shroomlight":26,"minecraft:beetroot":7,"minecraft:diamond_leggings":31,"minecraft:gold_nugget":26,"minecraft:cobbled_deepslate":2401,"minecraft:crimson_fence":17,"minecraft:spruce_planks":203,"minecraft:trial_key":22,"minecraft:azalea_leaves":149,"minecraft:enchanted_golden_apple":5,"minecraft:melon_slice":151,"minecraft:coal_block":17,"minecraft:mangrove_log":9,"minecraft:golden_helmet":1,"minecraft:beehive":4,"minecraft:composter":2,"minecraft:big_dripleaf":5,"minecraft:acacia_log":6,"minecraft:green_bed":4,"minecraft:sandstone_wall":1,"minecraft:golden_axe":6,"minecraft:lightning_rod":9,"minecraft:waxed_copper_grate":11,"minecraft:golden_chestplate":2,"minecraft:cauldron":1,"minecraft:orange_bed":2,"minecraft:stone_sword":6,"minecraft:honey_bottle":5,"minecraft:tropical_fish":30,"minecraft:blackstone_wall":1,"minecraft:armadillo_scute":1,"minecraft:cyan_terracotta":7,"minecraft:bookshelf":7,"minecraft:end_rod":7,"minecraft:waxed_cut_copper":9,"minecraft:blaze_rod":4,"minecraft:iron_bars":6,"minecraft:birch_log":6,"minecraft:magma_block":21,"minecraft:dune_armor_trim_smithing_template":14,"minecraft:feather":13,"minecraft:cooked_beef":12,"minecraft:iron_door":6,"minecraft:water_bucket":79,"minecraft:jungle_log":537,"minecraft:brown_wool":2,"minecraft:dark_oak_boat":1,"minecraft:jungle_wood":273,"minecraft:smoker":1,"minecraft:flint":146,"minecraft:map":5,"minecraft:gray_concrete":2,"minecraft:lantern":1,"minecraft:diamond_helmet":15,"minecraft:rabbit":1,"minecraft:glowstone_dust":2,"minecraft:moss_block":40,"minecraft:warped_wart_block":4,"minecraft:stripped_acacia_wood":7,"minecraft:stripped_crimson_stem":21,"minecraft:stripped_spruce_log":8,"minecraft:dark_oak_log":310,"minecraft:iron_hoe":18,"minecraft:blue_terracotta":9,"minecraft:lever":1,"minecraft:dead_brain_coral_block":2,"minecraft:granite":8,"minecraft:golden_horse_armor":11,"minecraft:bread":1870,"minecraft:music_disc_precipice":1,"minecraft:rooted_dirt":10,"minecraft:dark_oak_fence":14,"minecraft:ominous_trial_key":6,"minecraft:diamond_pickaxe":24,"minecraft:mud":13,"minecraft:crafting_table":46,"minecraft:coarse_dirt":9,"minecraft:bee_nest":1,"minecraft:sandstone_slab":2,"minecraft:ominous_bottle":8,"minecraft:nether_wart":4,"minecraft:clay_ball":71,"minecraft:golden_pickaxe":1,"minecraft:purpur_block":14,"minecraft:dead_horn_coral_block":4,"minecraft:wind_charge":25,"minecraft:red_bed":17,"minecraft:elytra":17,"minecraft:flint_and_steel":13,"minecraft:iron_shovel":4,"minecraft:cracked_stone_bricks":2,"minecraft:beef":26,"minecraft:chiseled_tuff":21,"minecraft:iron_nugget":38,"minecraft:poppy":3,"minecraft:spruce_slab":8,"minecraft:chest":13,"minecraft:egg":17,"minecraft:sandstone":79,"minecraft:raw_gold_block":11,"minecraft:fire_charge":7,"minecraft:cake":12,"minecraft:carrot":43,"minecraft:redstone":988,"minecraft:netherite_pickaxe":5,"minecraft:mangrove_trapdoor":1,"minecraft:tnt":452,"minecraft:stone_shovel":1,"minecraft:diamond_chestplate":21,"minecraft:beetroot_seeds":4,"minecraft:decorated_pot":19,"minecraft:peony":1,"minecraft:shears":14,"minecraft:deepslate_bricks":1,"minecraft:diamond_boots":14,"minecraft:purpur_slab":5,"minecraft:hay_block":428,"minecraft:sandstone_stairs":20,"minecraft:gold_ingot":460,"minecraft:totem_of_undying":47,"minecraft:tuff_bricks":28,"minecraft:glow_berries":61,"minecraft:mutton":15,"minecraft:white_wool":15,"minecraft:rail":23,"minecraft:bone_block":115,"minecraft:oxeye_daisy":1,"minecraft:lime_bed":6,"minecraft:mud_bricks":7,"minecraft:smooth_red_sandstone":42,"minecraft:tripwire_hook":3,"minecraft:red_mushroom":4,"minecraft:acacia_wood":13,"minecraft:filled_map":3,"minecraft:packed_mud":7,"minecraft:purpur_stairs":5,"minecraft:oak_log":72,"minecraft:lily_pad":6,"minecraft:golden_boots":10,"minecraft:blue_bed":2,"minecraft:white_banner":19,"minecraft:apple":288,"minecraft:stone_bricks":19,"minecraft:kelp":3,"minecraft:stone_pickaxe":8,"minecraft:iron_ore":199,"minecraft:glass_bottle":11,"minecraft:gray_bed":3,"minecraft:mangrove_planks":22,"minecraft:iron_sword":186,"minecraft:flowering_azalea":1,"minecraft:dark_oak_stairs":3,"minecraft:smooth_basalt":4,"minecraft:dark_oak_slab":63,"minecraft:sweet_berries":3,"minecraft:spyglass":31,"minecraft:gravel":87,"minecraft:crimson_stairs":40,"minecraft:dead_fire_coral_block":7,"minecraft:birch_stairs":81,"minecraft:spruce_sapling":1,"minecraft:spruce_log":12,"minecraft:crying_obsidian":23,"minecraft:polished_tuff":7,"minecraft:leather_helmet":2,"minecraft:oak_wood":21,"minecraft:firework_rocket":1760,"minecraft:diamond_shovel":21,"minecraft:slime_ball":52,"minecraft:diamond_axe":1,"minecraft:birch_sign":6,"minecraft:baked_potato":3359,"minecraft:melon_seeds":2,"minecraft:ender_pearl":208,"minecraft:shulker_shell":32,"minecraft:wheat":160,"minecraft:ender_chest":9,"minecraft:nether_brick_fence":2,"minecraft:sentry_armor_trim_smithing_template":2,"minecraft:potion":48,"minecraft:gilded_blackstone":3,"minecraft:nether_brick":70,"minecraft:crimson_planks":81,"minecraft:dead_tube_coral_block":3,"minecraft:waxed_cut_copper_slab":6,"minecraft:raw_copper":12,"minecraft:smooth_stone_slab":5,"minecraft:iron_leggings":83,"minecraft:netherite_ingot":10,"minecraft:experience_bottle":25,"minecraft:smooth_red_sandstone_slab":4,"minecraft:sea_pickle":2,"minecraft:red_sand":102,"minecraft:comparator":1,"minecraft:bucket":20,"minecraft:dark_oak_leaves":11,"minecraft:eye_armor_trim_smithing_template":1,"minecraft:calcite":27,"minecraft:ender_eye":4,"minecraft:azalea":11,"minecraft:wooden_shovel":1,"minecraft:iron_pickaxe":151,"minecraft:smooth_quartz":20,"minecraft:iron_boots":103,"minecraft:furnace":20,"minecraft:tipped_arrow":200,"minecraft:stick":272,"minecraft:birch_trapdoor":1,"minecraft:polished_deepslate_stairs":2,"minecraft:torch":208,"minecraft:spruce_stairs":3,"minecraft:porkchop":96,"minecraft:dried_kelp":1,"minecraft:pointed_dripstone":36,"minecraft:diorite":6,"minecraft:vine":20,"minecraft:goat_horn":8,"minecraft:cactus":222,"minecraft:rotten_flesh":579,"minecraft:mangrove_roots":1,"minecraft:obsidian":134,"minecraft:cod":4,"minecraft:cobblestone":2014,"minecraft:pink_petals":10,"minecraft:lilac":1,"minecraft:magma_cream":3,"minecraft:cherry_planks":169,"minecraft:andesite":81,"minecraft:golden_leggings":3,"minecraft:chiseled_quartz_block":5,"minecraft:oxidized_copper_bulb":1,"minecraft:potato":2877,"minecraft:tuff":62,"minecraft:smooth_sandstone_stairs":18,"minecraft:wither_skeleton_skull":1,"minecraft:lapis_lazuli":248,"minecraft:oxidized_copper_door":1,"minecraft:dirt":164,"minecraft:cut_sandstone_slab":6,"minecraft:name_tag":30,"minecraft:leather_boots":2,"minecraft:bone":539,"minecraft:acacia_planks":33,"minecraft:bow":59,"minecraft:wheat_seeds":552,"minecraft:raw_gold":95,"minecraft:bolt_armor_trim_smithing_template":52,"minecraft:mossy_stone_bricks":9,"minecraft:fletching_table":2,"minecraft:bamboo":32,"minecraft:oak_planks":114,"minecraft:stone_hoe":6,"minecraft:ghast_tear":1,"minecraft:cooked_porkchop":53,"minecraft:axolotl_bucket":5,"minecraft:poisonous_potato":10,"minecraft:waxed_chiseled_copper":3,"minecraft:jungle_planks":264,"minecraft:sand":887,"minecraft:nether_brick_stairs":10,"minecraft:grass_block":79,"minecraft:cyan_bed":15,"minecraft:jungle_slab":2,"minecraft:spectral_arrow":117,"minecraft:chiseled_sandstone":33,"minecraft:shulker_box":180,"minecraft:mossy_cobblestone":7,"minecraft:dark_prismarine":25,"minecraft:jungle_leaves":201,"minecraft:dark_prismarine_slab":1,"minecraft:clay":1,"minecraft:diamond":376,"minecraft:soul_lantern":1,"minecraft:cracked_polished_blackstone_bricks":2,"minecraft:crossbow":46,"minecraft:breeze_rod":4,"minecraft:bone_meal":170,"minecraft:golden_apple":42,"minecraft:emerald":1405,"minecraft:oak_sapling":1,"minecraft:netherrack":2616,"minecraft:chorus_fruit":576,"minecraft:end_stone_bricks":58,"minecraft:fishing_rod":22,"minecraft:charcoal":8,"minecraft:allium":4,"minecraft:azure_bluet":6,"minecraft:splash_potion":6,"minecraft:chicken":5,"minecraft:ladder":2,"minecraft:brown_mushroom":2,"minecraft:wooden_pickaxe":9,"minecraft:gold_block":27,"minecraft:diamond_horse_armor":1,"minecraft:shield":109,"minecraft:brick":177,"minecraft:dragon_breath":1,"minecraft:moss_carpet":22,"minecraft:end_stone_brick_wall":3,"minecraft:iron_axe":70,"minecraft:cyan_carpet":23,"minecraft:blackstone":224,"minecraft:oak_boat":1,"minecraft:player_head":54,"minecraft:light_gray_wool":15,"minecraft:lectern":37,"minecraft:sugar_cane":755,"minecraft:spruce_trapdoor":1,"minecraft:cherry_trapdoor":6,"minecraft:phantom_membrane":37,"minecraft:dark_oak_sapling":35,"minecraft:raw_iron":1285,"minecraft:stripped_mangrove_wood":7,"minecraft:end_stone":1061,"minecraft:copper_ingot":6,"minecraft:stone_button":6,"minecraft:light_blue_bed":9,"minecraft:iron_horse_armor":19,"minecraft:stone_pressure_plate":4,"minecraft:dark_oak_planks":719,"minecraft:smooth_sandstone_slab":6,"minecraft:arrow":2801,"minecraft:pumpkin_pie":11,"minecraft:jungle_stairs":1,"minecraft:nether_bricks":70,"minecraft:saddle":49,"minecraft:skeleton_skull":3,"minecraft:jungle_boat":1,"minecraft:basalt":147,"minecraft:golden_carrot":97,"minecraft:glow_ink_sac":19,"minecraft:crimson_stem":6,"minecraft:salmon":135,"minecraft:cut_sandstone":81,"minecraft:leather":56,"minecraft:birch_planks":28,"minecraft:waxed_copper_bulb":1,"minecraft:chainmail_chestplate":3,"minecraft:waxed_copper_block":10,"minecraft:yellow_bed":1,"minecraft:gunpowder":1461,"minecraft:wooden_hoe":4,"minecraft:orange_terracotta":30,"minecraft:cooked_mutton":8,"minecraft:smooth_sandstone":105,"minecraft:pearlescent_froglight":2,"minecraft:gray_carpet":28,"minecraft:red_sandstone":54,"minecraft:rabbit_hide":1,"minecraft:spruce_wood":62,"minecraft:iron_ingot":2420,"minecraft:cooked_chicken":6,"minecraft:soul_sand":186,"minecraft:book":450,"minecraft:black_candle":60,"minecraft:emerald_block":9,"minecraft:chiseled_stone_bricks":1,"minecraft:quartz":23,"minecraft:dripstone_block":23,"minecraft:lava_bucket":30,"minecraft:amethyst_shard":392,"minecraft:blast_furnace":32,"minecraft:white_bed":14,"minecraft:nether_brick_slab":1,"minecraft:spider_eye":53,"minecraft:pumpkin_seeds":1,"minecraft:honey_block":1,"minecraft:dead_bubble_coral_block":1,"minecraft:chainmail_leggings":2,"minecraft:iron_helmet":58,"minecraft:terracotta":11,"minecraft:netherite_hoe":15,"minecraft:dark_oak_wood":147,"minecraft:coal":1077,"minecraft:chiseled_tuff_bricks":2},"minecraft:used":{"minecraft:beetroot":12,"minecraft:moss_block":7,"minecraft:tuff_bricks":4,"minecraft:ladder":17,"minecraft:chiseled_tuff":6,"minecraft:elytra":73,"minecraft:spruce_slab":1,"minecraft:poppy":1,"minecraft:chest":13,"minecraft:rotten_flesh":15,"minecraft:soul_sand":34,"minecraft:stripped_spruce_log":1,"minecraft:lava_bucket":164,"minecraft:grass_block":73,"minecraft:netherite_hoe":2,"minecraft:dark_oak_leaves":11,"minecraft:dark_oak_slab":41,"minecraft:bow":1308,"minecraft:dark_oak_boat":2,"minecraft:sweet_berries":3,"minecraft:ominous_bottle":1,"minecraft:furnace":5,"minecraft:oak_sapling":1,"minecraft:egg":9,"minecraft:potato":593,"minecraft:mossy_stone_bricks":3,"minecraft:chorus_fruit":56,"minecraft:blackstone":91,"minecraft:cactus":1,"minecraft:leather_chestplate":1,"minecraft:wooden_pickaxe":266,"minecraft:jungle_boat":4,"minecraft:oak_leaves":4,"minecraft:stripped_mangrove_wood":1,"minecraft:golden_apple":3,"minecraft:glow_berries":1,"minecraft:dark_oak_trapdoor":2,"minecraft:sand":246,"minecraft:cut_sandstone_slab":3,"minecraft:blast_furnace":10,"minecraft:smooth_red_sandstone":5,"minecraft:lightning_rod":5,"minecraft:red_sandstone":3,"minecraft:chiseled_sandstone":10,"minecraft:stone_button":1,"minecraft:lectern":29,"minecraft:soul_lantern":1,"minecraft:chiseled_tuff_bricks":2,"minecraft:coal_block":2,"minecraft:diamond_sword":729,"minecraft:dark_oak_fence":27,"minecraft:oak_boat":6,"minecraft:iron_bars":4,"minecraft:stone_sword":188,"minecraft:cooked_salmon":48,"minecraft:trial_key":8,"minecraft:netherrack":1048,"minecraft:orange_bed":2,"minecraft:torch":151,"minecraft:brewing_stand":2,"minecraft:anvil":3,"minecraft:shroomlight":2,"minecraft:rooted_dirt":5,"minecraft:iron_axe":1576,"minecraft:jungle_log":47,"minecraft:smooth_quartz":6,"minecraft:totem_of_undying":8,"minecraft:mud_bricks":2,"minecraft:bamboo":5,"minecraft:diamond_chestplate":46,"minecraft:basalt":30,"minecraft:goat_horn":4,"minecraft:cobbled_deepslate":506,"minecraft:acacia_planks":16,"minecraft:pointed_dripstone":13,"minecraft:golden_axe":78,"minecraft:calcite":5,"minecraft:wheat_seeds":136,"minecraft:water_bucket":553,"minecraft:sandstone_stairs":2,"minecraft:smooth_sandstone_slab":1,"minecraft:cauldron":5,"minecraft:fletching_table":4,"minecraft:leather_boots":1,"minecraft:gilded_blackstone":5,"minecraft:salmon":10,"minecraft:vine":20,"minecraft:tnt":5,"minecraft:crafting_table":60,"minecraft:red_bed":16,"minecraft:white_bed":12,"minecraft:mud":8,"minecraft:oak_log":6,"minecraft:dark_prismarine":2,"minecraft:diamond_pickaxe":1611,"minecraft:ender_eye":2,"minecraft:ominous_trial_key":4,"minecraft:diamond_shovel":278,"minecraft:wind_charge":22,"minecraft:iron_pickaxe":5281,"minecraft:spruce_sapling":1,"minecraft:cobblestone":308,"minecraft:azalea_leaves":149,"minecraft:potion":14,"minecraft:crimson_stairs":22,"minecraft:cooked_porkchop":14,"minecraft:porkchop":2,"minecraft:sandstone_slab":1,"minecraft:diamond_leggings":13,"minecraft:moss_carpet":6,"minecraft:red_sand":15,"minecraft:polished_deepslate":13,"minecraft:iron_shovel":168,"minecraft:bone_block":54,"minecraft:shield":747,"minecraft:decorated_pot":14,"minecraft:iron_sword":4322,"minecraft:player_head":13,"minecraft:iron_chestplate":62,"minecraft:jungle_planks":164,"minecraft:nether_bricks":3,"minecraft:carrot":25,"minecraft:tuff":2,"minecraft:beehive":1,"minecraft:axolotl_bucket":1,"minecraft:obsidian":17,"minecraft:milk_bucket":1,"minecraft:big_dripleaf":3,"minecraft:iron_horse_armor":1,"minecraft:spruce_wood":13,"minecraft:packed_mud":1,"minecraft:iron_helmet":39,"minecraft:dark_oak_wood":8,"minecraft:light_blue_bed":4,"minecraft:raw_gold_block":11,"minecraft:stone_bricks":4,"minecraft:golden_sword":4,"minecraft:magma_block":15,"minecraft:hay_block":2,"minecraft:gray_bed":2,"minecraft:gold_block":3,"minecraft:skeleton_skull":1,"minecraft:pearlescent_froglight":1,"minecraft:dark_oak_sapling":28,"minecraft:golden_boots":4,"minecraft:dark_oak_stairs":3,"minecraft:end_rod":4,"minecraft:diamond_boots":8,"minecraft:stone_pickaxe":325,"minecraft:oak_planks":28,"minecraft:mangrove_planks":2,"minecraft:ender_pearl":84,"minecraft:blue_bed":2,"minecraft:black_banner":1,"minecraft:crossbow":504,"minecraft:dripstone_block":6,"minecraft:end_stone":377,"minecraft:shears":394,"minecraft:waxed_chiseled_copper":1,"minecraft:redstone_torch":1,"minecraft:polished_tuff":1,"minecraft:firework_rocket":161,"minecraft:melon_slice":73,"minecraft:bread":338,"minecraft:dark_oak_log":1,"minecraft:cyan_bed":10,"minecraft:gravel":19,"minecraft:iron_door":1,"minecraft:smooth_red_sandstone_slab":4,"minecraft:chainmail_boots":1,"minecraft:andesite":5,"minecraft:coarse_dirt":3,"minecraft:bone_meal":617,"minecraft:experience_bottle":23,"minecraft:azalea":2,"minecraft:jungle_leaves":146,"minecraft:tropical_fish":1,"minecraft:flint_and_steel":56,"minecraft:crimson_fence":17,"minecraft:dried_kelp":1,"minecraft:spruce_planks":1,"minecraft:ender_chest":1,"minecraft:stone_hoe":30,"minecraft:cooked_chicken":4,"minecraft:end_stone_brick_wall":1,"minecraft:dirt":37,"minecraft:spyglass":152,"minecraft:diamond_helmet":6,"minecraft:shulker_box":154,"minecraft:golden_chestplate":5,"minecraft:iron_hoe":101,"minecraft:dark_oak_planks":695,"minecraft:smooth_sandstone":6,"minecraft:iron_boots":43,"minecraft:crimson_planks":1,"minecraft:golden_carrot":2,"minecraft:soul_soil":34,"minecraft:netherite_pickaxe":1,"minecraft:cooked_beef":4,"minecraft:brown_bed":2,"minecraft:enchanted_golden_apple":2,"minecraft:iron_leggings":47,"minecraft:cooked_mutton":3,"minecraft:iron_ore":16,"minecraft:cobblestone_stairs":8,"minecraft:glass_bottle":1,"minecraft:baked_potato":1025,"minecraft:red_nether_bricks":2,"minecraft:brown_mushroom":2,"minecraft:cut_sandstone":6,"minecraft:green_bed":3,"minecraft:waxed_copper_block":1,"minecraft:jungle_wood":129,"minecraft:terracotta":1,"minecraft:lime_bed":5,"minecraft:smoker":5,"minecraft:flower_pot":1,"minecraft:wooden_hoe":1,"minecraft:apple":12,"minecraft:map":3,"minecraft:jungle_stairs":37,"minecraft:golden_leggings":1,"minecraft:stone_axe":6,"minecraft:pink_petals":6,"minecraft:fishing_rod":19,"minecraft:white_banner":2,"minecraft:bucket":731,"minecraft:yellow_bed":1,"minecraft:sea_pickle":2,"minecraft:splash_potion":1,"minecraft:birch_stairs":70},"minecraft:crafted":{"minecraft:bookshelf":7,"minecraft:cooked_mutton":7,"minecraft:shulker_box":1,"minecraft:diamond_helmet":3,"minecraft:diamond_leggings":3,"minecraft:tipped_arrow":60,"minecraft:cooked_porkchop":8,"minecraft:jungle_boat":3,"minecraft:fletching_table":2,"minecraft:lectern":7,"minecraft:wooden_hoe":1,"minecraft:iron_pickaxe":26,"minecraft:iron_block":7,"minecraft:gold_ingot":21,"minecraft:bone_meal":612,"minecraft:dark_oak_fence":18,"minecraft:ladder":18,"minecraft:stone_pickaxe":5,"minecraft:diamond_boots":6,"minecraft:dark_oak_planks":888,"minecraft:wheat":954,"minecraft:crossbow":2,"minecraft:crimson_stairs":40,"minecraft:iron_shovel":1,"minecraft:iron_leggings":13,"minecraft:white_bed":3,"minecraft:oak_planks":160,"minecraft:dark_oak_boat":2,"minecraft:cooked_chicken":3,"minecraft:cobblestone_stairs":8,"minecraft:bow":4,"minecraft:iron_boots":9,"minecraft:chest":9,"minecraft:jungle_stairs":36,"minecraft:stone_hoe":1,"minecraft:golden_boots":1,"minecraft:smoker":4,"minecraft:arrow":1744,"minecraft:cauldron":4,"minecraft:crafting_table":45,"minecraft:spruce_planks":56,"minecraft:iron_helmet":13,"minecraft:baked_potato":1293,"minecraft:wooden_pickaxe":10,"minecraft:birch_planks":24,"minecraft:dark_oak_slab":36,"minecraft:iron_chestplate":8,"minecraft:paper":198,"minecraft:charcoal":5,"minecraft:diamond_pickaxe":1,"minecraft:shield":17,"minecraft:stick":284,"minecraft:iron_ingot":478,"minecraft:stone_sword":4,"minecraft:shears":3,"minecraft:coal":27,"minecraft:golden_chestplate":1,"minecraft:furnace":8,"minecraft:dark_oak_trapdoor":2,"minecraft:flint_and_steel":1,"minecraft:iron_axe":10,"minecraft:iron_hoe":2,"minecraft:cooked_beef":14,"minecraft:crimson_planks":108,"minecraft:jungle_wood":9,"minecraft:iron_sword":14,"minecraft:cooked_salmon":84,"minecraft:mangrove_planks":36,"minecraft:bucket":15,"minecraft:stone_axe":3,"minecraft:air":0,"minecraft:bread":348,"minecraft:jungle_planks":548,"minecraft:oak_boat":6,"minecraft:anvil":2,"minecraft:acacia_planks":48,"minecraft:torch":96,"minecraft:diamond_chestplate":3,"minecraft:firework_rocket":546},"minecraft:mined":{"minecraft:dark_oak_planks":105,"minecraft:cut_sandstone_slab":1,"minecraft:white_bed":11,"minecraft:jungle_leaves":218,"minecraft:red_nether_bricks":2,"minecraft:obsidian":24,"minecraft:potted_dead_bush":1,"minecraft:granite":3,"minecraft:acacia_log":6,"minecraft:red_sand":56,"minecraft:jungle_log":77,"minecraft:coal_block":17,"minecraft:purpur_slab":5,"minecraft:chiseled_tuff_bricks":3,"minecraft:oxeye_daisy":1,"minecraft:chiseled_stone_bricks":1,"minecraft:spawner":38,"minecraft:tall_seagrass":9,"minecraft:magma_block":17,"minecraft:dark_oak_trapdoor":1,"minecraft:cobbled_deepslate":51,"minecraft:fire":195,"minecraft:moss_carpet":1,"minecraft:deepslate_lapis_ore":31,"minecraft:fletching_table":3,"minecraft:nether_brick_stairs":2,"minecraft:smooth_red_sandstone":17,"minecraft:cave_vines":5,"minecraft:smooth_sandstone_stairs":1,"minecraft:spruce_wood":13,"minecraft:stripped_mangrove_wood":5,"minecraft:player_head":26,"minecraft:tripwire":1,"minecraft:orange_bed":2,"minecraft:sandstone_slab":1,"minecraft:cut_sandstone":60,"minecraft:brown_mushroom":1,"minecraft:red_bed":18,"minecraft:player_wall_head":2,"minecraft:smoker":1,"minecraft:soul_fire":85,"minecraft:amethyst_cluster":25,"minecraft:powder_snow":1,"minecraft:torch":8,"minecraft:dark_oak_wood":62,"minecraft:blast_furnace":12,"minecraft:melon":13,"minecraft:dead_bush":7,"minecraft:nether_brick_slab":1,"minecraft:sugar_cane":99,"minecraft:cyan_bed":9,"minecraft:smooth_sandstone_slab":3,"minecraft:amethyst_block":11,"minecraft:jungle_wood":217,"minecraft:mud":5,"minecraft:wheat":105,"minecraft:lilac":1,"minecraft:waxed_copper_block":4,"minecraft:sandstone_wall":1,"minecraft:mangrove_log":9,"minecraft:smooth_basalt":5,"minecraft:stripped_crimson_stem":21,"minecraft:deepslate":850,"minecraft:suspicious_gravel":1,"minecraft:dark_prismarine":12,"minecraft:mossy_cobblestone":9,"minecraft:dark_oak_log":245,"minecraft:end_stone":907,"minecraft:shulker_box":158,"minecraft:nether_bricks":15,"minecraft:dark_oak_fence":13,"minecraft:jungle_planks":6,"minecraft:redstone_wire":2,"minecraft:moss_block":13,"minecraft:white_concrete_powder":1,"minecraft:magenta_stained_glass_pane":4,"minecraft:packed_mud":5,"minecraft:waxed_copper_grate":7,"minecraft:red_sandstone":25,"minecraft:acacia_wood":11,"minecraft:suspicious_sand":8,"minecraft:andesite":58,"minecraft:chiseled_tuff":12,"minecraft:potatoes":563,"minecraft:vine":67,"minecraft:bamboo":19,"minecraft:bone_block":78,"minecraft:white_wool":4,"minecraft:birch_stairs":87,"minecraft:gray_concrete":2,"minecraft:glass_pane":2,"minecraft:cherry_planks":5,"minecraft:soul_sand":94,"minecraft:smooth_sandstone":124,"minecraft:short_grass":367,"minecraft:emerald_ore":2,"minecraft:warped_roots":1,"minecraft:lightning_rod":1,"minecraft:copper_ore":5,"minecraft:tall_grass":20,"minecraft:smooth_red_sandstone_slab":2,"minecraft:deepslate_gold_ore":40,"minecraft:diorite":2,"minecraft:big_dripleaf":2,"minecraft:pearlescent_froglight":2,"minecraft:black_stained_glass":2,"minecraft:coarse_dirt":8,"minecraft:light_blue_bed":5,"minecraft:spruce_log":10,"minecraft:birch_leaves":5,"minecraft:mangrove_leaves":1,"minecraft:dark_prismarine_slab":1,"minecraft:gravel":59,"minecraft:dripstone_block":10,"minecraft:cobweb":73,"minecraft:acacia_planks":8,"minecraft:stone_bricks":8,"minecraft:gold_ore":12,"minecraft:fern":59,"minecraft:waxed_cut_copper_slab":6,"minecraft:large_amethyst_bud":1,"minecraft:spruce_planks":20,"minecraft:stone_pressure_plate":1,"minecraft:farmland":2,"minecraft:jungle_slab":2,"minecraft:sculk_vein":1,"minecraft:end_stone_brick_wall":4,"minecraft:potted_cactus":2,"minecraft:brewing_stand":3,"minecraft:cave_vines_plant":2,"minecraft:budding_amethyst":1,"minecraft:grass_block":135,"minecraft:dead_tube_coral_block":3,"minecraft:cracked_polished_blackstone_bricks":2,"minecraft:soul_soil":122,"minecraft:mud_bricks":11,"minecraft:composter":6,"minecraft:tuff_bricks":12,"minecraft:sandstone_stairs":1,"minecraft:gilded_blackstone":3,"minecraft:iron_ore":127,"minecraft:polished_tuff":4,"minecraft:anvil":1,"minecraft:brown_bed":4,"minecraft:azure_bluet":2,"minecraft:dark_oak_stairs":4,"minecraft:pointed_dripstone":4,"minecraft:iron_bars":6,"minecraft:black_candle":5,"minecraft:azalea_leaves":152,"minecraft:azalea":2,"minecraft:end_stone_bricks":22,"minecraft:green_bed":3,"minecraft:spruce_slab":2,"minecraft:waxed_cut_copper":5,"minecraft:deepslate_redstone_ore":27,"minecraft:jungle_door":2,"minecraft:dead_bubble_coral_block":1,"minecraft:blackstone":35,"minecraft:twisting_vines_plant":1,"minecraft:polished_deepslate_stairs":1,"minecraft:orange_terracotta":3,"minecraft:purpur_stairs":3,"minecraft:clay":9,"minecraft:jungle_stairs":2,"minecraft:calcite":21,"minecraft:chest":5,"minecraft:nether_quartz_ore":8,"minecraft:cobblestone":116,"minecraft:waxed_chiseled_copper":1,"minecraft:oak_planks":18,"minecraft:iron_door":3,"minecraft:wall_torch":6,"minecraft:cauldron":1,"minecraft:pink_petals":2,"minecraft:seagrass":7,"minecraft:blue_terracotta":2,"minecraft:dark_oak_slab":42,"minecraft:birch_trapdoor":1,"minecraft:birch_log":6,"minecraft:purpur_block":10,"minecraft:tnt":21,"minecraft:oak_log":38,"minecraft:beetroots":1,"minecraft:dirt":10,"minecraft:sand":381,"minecraft:crimson_planks":9,"minecraft:tripwire_hook":2,"minecraft:netherrack":2102,"minecraft:oak_leaves":6,"minecraft:emerald_block":2,"minecraft:tuff":55,"minecraft:dark_oak_leaves":37,"minecraft:deepslate_diamond_ore":77,"minecraft:blackstone_wall":1,"minecraft:mangrove_roots":1,"minecraft:glow_lichen":1,"minecraft:ladder":2,"minecraft:purple_terracotta":2,"minecraft:decorated_pot":106,"minecraft:mangrove_trapdoor":1,"minecraft:spruce_leaves":12,"minecraft:rooted_dirt":10,"minecraft:sandstone":66,"minecraft:crimson_stem":6,"minecraft:large_fern":5,"minecraft:hay_block":84,"minecraft:furnace":2,"minecraft:raw_gold_block":11,"minecraft:chiseled_sandstone":40,"minecraft:peony":3,"minecraft:gold_block":4,"minecraft:dead_horn_coral_block":4,"minecraft:polished_deepslate":13,"minecraft:nether_brick_fence":2,"minecraft:bookshelf":46,"minecraft:shroomlight":1,"minecraft:deepslate_iron_ore":249,"minecraft:chorus_plant":15,"minecraft:stone":864,"minecraft:flowering_azalea":1,"minecraft:magenta_stained_glass":14,"minecraft:infested_stone_bricks":1,"minecraft:basalt":175,"minecraft:crafting_table":18,"minecraft:honey_block":1,"minecraft:oak_wood":12,"minecraft:lectern":24,"minecraft:lily_pad":3,"minecraft:sculk":4,"minecraft:blue_bed":2,"minecraft:spruce_stairs":2,"minecraft:birch_planks":11,"minecraft:cactus":2,"minecraft:dead_fire_coral_block":7,"minecraft:lime_bed":8,"minecraft:sea_pickle":1,"minecraft:beehive":1,"minecraft:gray_bed":3,"minecraft:bee_nest":1,"minecraft:yellow_bed":1,"minecraft:dead_brain_coral_block":2,"minecraft:coal_ore":154,"minecraft:end_rod":5,"minecraft:gray_carpet":2,"minecraft:cracked_stone_bricks":2,"minecraft:terracotta":3,"minecraft:stripped_acacia_wood":7,"minecraft:mossy_stone_bricks":5,"minecraft:crimson_fence":17}},"DataVersion":3955}