{"stats":{"minecraft:custom":{"minecraft:interact_with_crafting_table":302,"minecraft:open_barrel":414,"minecraft:bell_ring":7,"minecraft:eat_cake_slice":7,"minecraft:leave_game":37,"minecraft:time_since_death":33490,"minecraft:damage_blocked_by_shield":54210,"minecraft:play_time":4764983,"minecraft:deaths":318,"minecraft:jump":51475,"minecraft:interact_with_furnace":134,"minecraft:traded_with_villager":133,"minecraft:sleep_in_bed":113,"minecraft:damage_dealt":269279,"minecraft:interact_with_smithing_table":1,"minecraft:interact_with_smoker":265,"minecraft:inspect_dispenser":13,"minecraft:horse_one_cm":6945812,"minecraft:use_cauldron":4,"minecraft:interact_with_anvil":56,"minecraft:inspect_hopper":1,"minecraft:sneak_time":195589,"minecraft:interact_with_lectern":1,"minecraft:interact_with_blast_furnace":135,"minecraft:total_world_time":4764983,"minecraft:tune_noteblock":8,"minecraft:interact_with_stonecutter":2,"minecraft:time_since_rest":33521,"minecraft:swim_one_cm":1852656,"minecraft:fly_one_cm":8490776,"minecraft:open_chest":1043,"minecraft:fish_caught":44,"minecraft:fall_one_cm":1718832,"minecraft:open_shulker_box":555,"minecraft:damage_resisted":209,"minecraft:sprint_one_cm":9041302,"minecraft:drop":1320,"minecraft:talked_to_villager":204,"minecraft:interact_with_brewingstand":8,"minecraft:walk_on_water_one_cm":1187659,"minecraft:open_enderchest":472,"minecraft:player_kills":6,"minecraft:crouch_one_cm":323484,"minecraft:mob_kills":1736,"minecraft:fill_cauldron":1,"minecraft:interact_with_campfire":11,"minecraft:damage_dealt_resisted":176,"minecraft:climb_one_cm":226469,"minecraft:walk_one_cm":9883621,"minecraft:raid_win":1,"minecraft:walk_under_water_one_cm":1033759,"minecraft:boat_one_cm":1118498,"minecraft:raid_trigger":2,"minecraft:pot_flower":1,"minecraft:interact_with_grindstone":2,"minecraft:damage_taken":217535,"minecraft:damage_absorbed":574,"minecraft:trigger_trapped_chest":7,"minecraft:aviate_one_cm":16836060},"minecraft:dropped":{"minecraft:clay":1,"minecraft:iron_sword":19,"minecraft:stripped_mangrove_wood":3,"minecraft:ominous_bottle":1,"minecraft:glow_ink_sac":11,"minecraft:chorus_fruit":57,"minecraft:glass_bottle":12,"minecraft:diamond":74,"minecraft:crafting_table":1,"minecraft:sandstone_stairs":19,"minecraft:cooked_porkchop":10,"minecraft:red_sandstone":33,"minecraft:dark_oak_slab":6,"minecraft:crossbow":17,"minecraft:glow_berries":1,"minecraft:rooted_dirt":21,"minecraft:cracked_stone_bricks":2,"minecraft:saddle":2,"minecraft:purpur_stairs":2,"minecraft:elytra":7,"minecraft:cut_sandstone_slab":1,"minecraft:leather_helmet":3,"minecraft:red_mushroom":4,"minecraft:emerald":33,"minecraft:gold_block":3,"minecraft:dirt":21,"minecraft:melon":34,"minecraft:stone_button":1,"minecraft:gold_nugget":13,"minecraft:bone_meal":18,"minecraft:phantom_membrane":9,"minecraft:sand":259,"minecraft:iron_pickaxe":18,"minecraft:dark_oak_planks":20,"minecraft:fishing_rod":1,"minecraft:dark_oak_boat":1,"minecraft:white_wool":5,"minecraft:birch_stairs":1,"minecraft:cyan_carpet":23,"minecraft:bone":295,"minecraft:waxed_cut_copper_slab":6,"minecraft:stone_axe":1,"minecraft:sugar_cane":16,"minecraft:lever":1,"minecraft:iron_nugget":4,"minecraft:cooked_chicken":1,"minecraft:golden_chestplate":2,"minecraft:cobbled_deepslate":393,"minecraft:nether_brick":12,"minecraft:wheat":9,"minecraft:obsidian":17,"minecraft:rotten_flesh":405,"minecraft:oak_planks":29,"minecraft:glowstone_dust":1,"minecraft:end_stone":518,"minecraft:azure_bluet":4,"minecraft:jungle_trapdoor":3,"minecraft:dead_fire_coral_block":7,"minecraft:salmon":20,"minecraft:waxed_copper_block":1,"minecraft:warped_planks":3,"minecraft:tipped_arrow":23,"minecraft:charcoal":4,"minecraft:leather_boots":2,"minecraft:ladder":2,"minecraft:white_dye":6,"minecraft:chiseled_tuff":4,"minecraft:end_stone_bricks":44,"minecraft:podzol":1,"minecraft:warped_wart_block":2,"minecraft:dead_tube_coral_block":3,"minecraft:egg":4,"minecraft:crimson_planks":4,"minecraft:iron_ingot":105,"minecraft:enchanted_book":6,"minecraft:golden_boots":4,"minecraft:netherite_pickaxe":4,"minecraft:wheat_seeds":185,"minecraft:dripstone_block":14,"minecraft:cobblestone":379,"minecraft:iron_helmet":3,"minecraft:feather":11,"minecraft:dark_prismarine_slab":1,"minecraft:book":67,"minecraft:waxed_copper_grate":6,"minecraft:apple":13,"minecraft:coal":18,"minecraft:golden_apple":6,"minecraft:pufferfish":4,"minecraft:oxeye_daisy":1,"minecraft:jungle_slab":2,"minecraft:golden_carrot":67,"minecraft:wooden_hoe":1,"minecraft:wooden_axe":2,"minecraft:rabbit":1,"minecraft:cooked_salmon":28,"minecraft:diamond_helmet":2,"minecraft:rib_armor_trim_smithing_template":1,"minecraft:potion":4,"minecraft:smooth_sandstone_slab":3,"minecraft:white_banner":5,"minecraft:mud":1,"minecraft:chainmail_leggings":2,"minecraft:paper":1,"minecraft:string":148,"minecraft:smooth_sandstone":44,"minecraft:gray_carpet":25,"minecraft:acacia_planks":1,"minecraft:furnace":1,"minecraft:moss_carpet":5,"minecraft:soul_soil":74,"minecraft:netherite_ingot":3,"minecraft:stone_sword":6,"minecraft:smooth_stone_slab":6,"minecraft:experience_bottle":1,"minecraft:clay_ball":31,"minecraft:iron_boots":6,"minecraft:name_tag":3,"minecraft:light_gray_concrete":1,"minecraft:end_stone_brick_wall":2,"minecraft:nether_bricks":17,"minecraft:polished_deepslate_stairs":1,"minecraft:shears":3,"minecraft:diamond_sword":12,"minecraft:big_dripleaf":1,"minecraft:potato":3,"minecraft:hay_block":42,"minecraft:stone":20,"minecraft:flower_pot":2,"minecraft:allium":1,"minecraft:waxed_cut_copper":8,"minecraft:peony":1,"minecraft:spruce_planks":11,"minecraft:diamond_pickaxe":4,"minecraft:bamboo":2,"minecraft:spider_eye":25,"minecraft:stone_pressure_plate":2,"minecraft:stone_bricks":13,"minecraft:sandstone":43,"minecraft:bow":12,"minecraft:red_sand":3,"minecraft:terracotta":4,"minecraft:nether_brick_stairs":1,"minecraft:soul_sand":93,"minecraft:moss_block":17,"minecraft:oak_log":1,"minecraft:baked_potato":734,"minecraft:ender_pearl":56,"minecraft:decorated_pot":6,"minecraft:sandstone_slab":2,"minecraft:leather":8,"minecraft:jungle_planks":26,"minecraft:iron_horse_armor":1,"minecraft:mangrove_planks":9,"minecraft:cod":21,"minecraft:flint":6,"minecraft:cracked_polished_blackstone_bricks":2,"minecraft:dark_oak_log":25,"minecraft:netherite_scrap":4,"minecraft:cherry_trapdoor":4,"minecraft:mutton":2,"minecraft:dark_oak_wood":3,"minecraft:cut_sandstone":37,"minecraft:gilded_blackstone":3,"minecraft:glistering_melon_slice":9,"minecraft:gold_ingot":148,"minecraft:gravel":52,"minecraft:purpur_block":3,"minecraft:blackstone":2,"minecraft:smooth_sandstone_stairs":3,"minecraft:soul_lantern":2,"minecraft:pointed_dripstone":14,"minecraft:beetroot":4,"minecraft:diamond_shovel":2,"minecraft:beehive":1,"minecraft:cooked_mutton":1,"minecraft:carrot":2,"minecraft:chainmail_chestplate":1,"minecraft:shulker_shell":6,"minecraft:poppy":2,"minecraft:rabbit_hide":1,"minecraft:gunpowder":12,"minecraft:birch_trapdoor":1,"minecraft:oak_wood":4,"minecraft:lingering_potion":2,"minecraft:chainmail_boots":2,"minecraft:chest":2,"minecraft:azalea":4,"minecraft:basalt":117,"minecraft:iron_bars":2,"minecraft:arrow":170,"minecraft:quartz":21,"minecraft:splash_potion":2,"minecraft:netherrack":1092,"minecraft:firework_rocket":179,"minecraft:water_bucket":11,"minecraft:bread":135,"minecraft:golden_helmet":1,"minecraft:lilac":1,"minecraft:mossy_cobblestone":1,"minecraft:diamond_leggings":2,"minecraft:poisonous_potato":5,"minecraft:golden_axe":1,"minecraft:jungle_wood":3,"minecraft:polished_tuff":4,"minecraft:amethyst_block":9,"minecraft:ominous_trial_key":1,"minecraft:dead_horn_coral_block":4,"minecraft:tropical_fish":18,"minecraft:spruce_stairs":1,"minecraft:grass_block":1,"minecraft:stick":55,"minecraft:iron_block":4,"minecraft:smooth_red_sandstone":28,"minecraft:diorite":3,"minecraft:torch":1,"minecraft:brown_wool":1,"minecraft:waxed_copper_bulb":1,"minecraft:iron_door":1,"minecraft:fire_charge":13,"minecraft:iron_leggings":14,"minecraft:jungle_leaves":1,"minecraft:iron_axe":6,"minecraft:cactus":8,"minecraft:pink_petals":4,"minecraft:bucket":8,"minecraft:chiseled_sandstone":4,"minecraft:smooth_basalt":2,"minecraft:redstone":52,"minecraft:polished_deepslate":1,"minecraft:anvil":1,"minecraft:kelp":3,"minecraft:tuff_bricks":18,"minecraft:coarse_dirt":1,"minecraft:nether_wart":1,"minecraft:raw_copper":3,"minecraft:tuff":4,"minecraft:composter":2,"minecraft:dead_bubble_coral_block":1,"minecraft:light_gray_wool":2,"minecraft:iron_hoe":1,"minecraft:totem_of_undying":7,"minecraft:shulker_box":4,"minecraft:flint_and_steel":2,"minecraft:deepslate_bricks":1,"minecraft:filled_map":10,"minecraft:mud_bricks":1,"minecraft:shield":17,"minecraft:trial_key":1,"minecraft:diamond_chestplate":3,"minecraft:orange_terracotta":29,"minecraft:iron_chestplate":8,"minecraft:andesite":19,"minecraft:cake":1,"minecraft:mossy_stone_bricks":6,"minecraft:golden_leggings":2,"minecraft:diamond_boots":3,"minecraft:waxed_chiseled_copper":2,"minecraft:slime_ball":15,"minecraft:raw_gold":3,"minecraft:stone_pickaxe":3,"minecraft:wooden_pickaxe":6,"minecraft:nautilus_shell":1,"minecraft:dead_brain_coral_block":2,"minecraft:calcite":4,"minecraft:brick":99},"minecraft:crafted":{"minecraft:smooth_stone":3,"minecraft:bookshelf":7,"minecraft:cooked_mutton":7,"minecraft:shulker_box":1,"minecraft:diamond_helmet":3,"minecraft:diamond_leggings":4,"minecraft:tipped_arrow":60,"minecraft:cooked_porkchop":8,"minecraft:jungle_boat":3,"minecraft:fletching_table":2,"minecraft:lectern":7,"minecraft:wooden_hoe":1,"minecraft:iron_pickaxe":26,"minecraft:iron_block":17,"minecraft:gold_ingot":21,"minecraft:golden_carrot":15,"minecraft:smooth_stone_slab":6,"minecraft:bone_meal":618,"minecraft:dark_oak_fence":18,"minecraft:ladder":18,"minecraft:stone_pickaxe":5,"minecraft:diamond_boots":6,"minecraft:dark_oak_planks":920,"minecraft:wheat":954,"minecraft:firework_star":1,"minecraft:crossbow":2,"minecraft:enchanted_book":1,"minecraft:crimson_stairs":40,"minecraft:iron_shovel":1,"minecraft:iron_leggings":13,"minecraft:white_bed":3,"minecraft:oak_planks":160,"minecraft:dark_oak_boat":2,"minecraft:cooked_chicken":3,"minecraft:cobblestone_stairs":8,"minecraft:bow":4,"minecraft:iron_boots":9,"minecraft:chest":11,"minecraft:jungle_stairs":36,"minecraft:stone_hoe":1,"minecraft:golden_boots":1,"minecraft:smoker":4,"minecraft:arrow":1744,"minecraft:cauldron":4,"minecraft:crafting_table":47,"minecraft:spruce_planks":56,"minecraft:wooden_pickaxe":10,"minecraft:iron_helmet":13,"minecraft:baked_potato":1384,"minecraft:gold_block":9,"minecraft:birch_planks":24,"minecraft:dark_oak_slab":36,"minecraft:iron_chestplate":8,"minecraft:paper":300,"minecraft:charcoal":5,"minecraft:diamond_pickaxe":2,"minecraft:shield":17,"minecraft:stick":284,"minecraft:iron_ingot":478,"minecraft:stone_sword":4,"minecraft:shears":3,"minecraft:coal":27,"minecraft:golden_chestplate":1,"minecraft:furnace":8,"minecraft:dark_oak_trapdoor":2,"minecraft:flint_and_steel":1,"minecraft:iron_axe":10,"minecraft:iron_hoe":2,"minecraft:cooked_beef":14,"minecraft:crimson_planks":108,"minecraft:jungle_wood":9,"minecraft:iron_sword":14,"minecraft:cooked_salmon":84,"minecraft:mangrove_planks":36,"minecraft:bucket":15,"minecraft:stone_axe":3,"minecraft:bread":348,"minecraft:air":0,"minecraft:jungle_planks":548,"minecraft:oak_boat":6,"minecraft:white_dye":6,"minecraft:anvil":3,"minecraft:acacia_planks":48,"minecraft:torch":96,"minecraft:diamond_chestplate":3,"minecraft:firework_rocket":816},"minecraft:mined":{"minecraft:dark_oak_planks":107,"minecraft:cut_sandstone_slab":1,"minecraft:white_bed":11,"minecraft:jungle_leaves":218,"minecraft:red_nether_bricks":2,"minecraft:obsidian":29,"minecraft:potted_dead_bush":1,"minecraft:granite":3,"minecraft:acacia_log":6,"minecraft:red_sand":56,"minecraft:stone_brick_wall":2,"minecraft:jungle_log":77,"minecraft:coal_block":28,"minecraft:purpur_slab":5,"minecraft:chiseled_tuff_bricks":3,"minecraft:oxeye_daisy":1,"minecraft:chiseled_stone_bricks":1,"minecraft:spawner":58,"minecraft:tall_seagrass":9,"minecraft:magma_block":17,"minecraft:dark_oak_trapdoor":1,"minecraft:cobbled_deepslate":51,"minecraft:fire":206,"minecraft:moss_carpet":1,"minecraft:deepslate_lapis_ore":31,"minecraft:fletching_table":3,"minecraft:nether_brick_stairs":2,"minecraft:smooth_red_sandstone":17,"minecraft:cave_vines":5,"minecraft:light_gray_concrete":16,"minecraft:green_carpet":2,"minecraft:smooth_sandstone_stairs":2,"minecraft:spruce_wood":13,"minecraft:stripped_mangrove_wood":5,"minecraft:player_head":26,"minecraft:tripwire":5,"minecraft:orange_bed":2,"minecraft:sandstone_slab":1,"minecraft:cut_sandstone":60,"minecraft:brown_mushroom":1,"minecraft:red_bed":18,"minecraft:player_wall_head":2,"minecraft:smoker":2,"minecraft:soul_fire":87,"minecraft:amethyst_cluster":25,"minecraft:powder_snow":1,"minecraft:torch":9,"minecraft:dark_oak_wood":62,"minecraft:blast_furnace":12,"minecraft:melon":13,"minecraft:dead_bush":7,"minecraft:nether_brick_slab":1,"minecraft:sugar_cane":177,"minecraft:cyan_bed":10,"minecraft:damaged_anvil":2,"minecraft:smooth_sandstone_slab":3,"minecraft:amethyst_block":11,"minecraft:jungle_wood":217,"minecraft:mud":5,"minecraft:wheat":105,"minecraft:lilac":1,"minecraft:waxed_copper_block":4,"minecraft:stone_brick_stairs":2,"minecraft:smooth_quartz":40,"minecraft:sandstone_wall":1,"minecraft:mangrove_log":9,"minecraft:smooth_basalt":5,"minecraft:stonecutter":1,"minecraft:stripped_crimson_stem":21,"minecraft:deepslate":850,"minecraft:suspicious_gravel":1,"minecraft:dark_prismarine":12,"minecraft:mossy_cobblestone":9,"minecraft:dark_oak_log":245,"minecraft:end_stone":908,"minecraft:shulker_box":203,"minecraft:nether_bricks":15,"minecraft:dark_oak_fence":13,"minecraft:jungle_planks":6,"minecraft:redstone_wire":2,"minecraft:moss_block":13,"minecraft:white_concrete_powder":1,"minecraft:magenta_stained_glass_pane":4,"minecraft:packed_mud":5,"minecraft:waxed_copper_grate":7,"minecraft:red_sandstone":25,"minecraft:acacia_wood":11,"minecraft:suspicious_sand":8,"minecraft:andesite":58,"minecraft:chiseled_tuff":12,"minecraft:potatoes":563,"minecraft:vine":68,"minecraft:bamboo":19,"minecraft:bone_block":78,"minecraft:white_wool":4,"minecraft:birch_stairs":87,"minecraft:gray_concrete":2,"minecraft:glass_pane":4,"minecraft:cherry_planks":5,"minecraft:soul_sand":94,"minecraft:smooth_sandstone":146,"minecraft:short_grass":373,"minecraft:emerald_ore":2,"minecraft:warped_roots":1,"minecraft:lightning_rod":1,"minecraft:copper_ore":5,"minecraft:tall_grass":20,"minecraft:smooth_red_sandstone_slab":2,"minecraft:deepslate_gold_ore":40,"minecraft:diorite":2,"minecraft:big_dripleaf":2,"minecraft:purple_bed":1,"minecraft:pearlescent_froglight":2,"minecraft:black_stained_glass":3,"minecraft:coarse_dirt":8,"minecraft:light_blue_bed":5,"minecraft:spruce_log":10,"minecraft:birch_leaves":5,"minecraft:mangrove_leaves":1,"minecraft:dark_prismarine_slab":1,"minecraft:gravel":59,"minecraft:dripstone_block":10,"minecraft:cobweb":77,"minecraft:acacia_planks":8,"minecraft:stone_bricks":8,"minecraft:gold_ore":12,"minecraft:chipped_anvil":3,"minecraft:fern":62,"minecraft:waxed_cut_copper_slab":6,"minecraft:large_amethyst_bud":1,"minecraft:spruce_planks":20,"minecraft:stone_pressure_plate":1,"minecraft:farmland":2,"minecraft:jungle_slab":2,"minecraft:sculk_vein":1,"minecraft:end_stone_brick_wall":4,"minecraft:potted_cactus":2,"minecraft:brewing_stand":4,"minecraft:cave_vines_plant":2,"minecraft:budding_amethyst":1,"minecraft:grass_block":136,"minecraft:dead_tube_coral_block":3,"minecraft:cracked_polished_blackstone_bricks":2,"minecraft:soul_soil":122,"minecraft:mud_bricks":11,"minecraft:composter":6,"minecraft:tuff_bricks":12,"minecraft:sandstone_stairs":1,"minecraft:gilded_blackstone":3,"minecraft:iron_ore":127,"minecraft:polished_tuff":4,"minecraft:anvil":1,"minecraft:brown_bed":4,"minecraft:azure_bluet":2,"minecraft:dark_oak_stairs":5,"minecraft:pointed_dripstone":4,"minecraft:iron_bars":6,"minecraft:black_candle":5,"minecraft:azalea_leaves":152,"minecraft:azalea":2,"minecraft:end_stone_bricks":22,"minecraft:green_bed":6,"minecraft:spruce_slab":3,"minecraft:waxed_cut_copper":5,"minecraft:deepslate_redstone_ore":27,"minecraft:jungle_door":3,"minecraft:dead_bubble_coral_block":1,"minecraft:blackstone":35,"minecraft:twisting_vines_plant":1,"minecraft:polished_deepslate_stairs":1,"minecraft:orange_terracotta":3,"minecraft:clay":9,"minecraft:purpur_stairs":3,"minecraft:chiseled_quartz_block":1,"minecraft:jungle_stairs":2,"minecraft:calcite":24,"minecraft:chest":5,"minecraft:nether_quartz_ore":8,"minecraft:cobblestone":116,"minecraft:waxed_chiseled_copper":1,"minecraft:oak_planks":18,"minecraft:iron_door":3,"minecraft:wall_torch":8,"minecraft:cauldron":1,"minecraft:pink_petals":2,"minecraft:stone_stairs":1,"minecraft:seagrass":7,"minecraft:blue_terracotta":2,"minecraft:dark_oak_slab":42,"minecraft:birch_trapdoor":1,"minecraft:birch_log":6,"minecraft:purpur_block":10,"minecraft:smooth_stone_slab":3,"minecraft:tnt":21,"minecraft:oak_log":38,"minecraft:beetroots":1,"minecraft:dirt":12,"minecraft:sand":382,"minecraft:crimson_planks":9,"minecraft:tripwire_hook":2,"minecraft:netherrack":2104,"minecraft:oak_leaves":6,"minecraft:emerald_block":2,"minecraft:tuff":55,"minecraft:dark_oak_leaves":37,"minecraft:deepslate_diamond_ore":77,"minecraft:blackstone_wall":1,"minecraft:mangrove_roots":1,"minecraft:glow_lichen":1,"minecraft:ladder":4,"minecraft:purple_terracotta":2,"minecraft:decorated_pot":106,"minecraft:mangrove_trapdoor":1,"minecraft:spruce_leaves":13,"minecraft:rooted_dirt":10,"minecraft:sandstone":66,"minecraft:crimson_stem":6,"minecraft:large_fern":5,"minecraft:hay_block":84,"minecraft:furnace":2,"minecraft:raw_gold_block":11,"minecraft:chiseled_sandstone":40,"minecraft:dead_horn_coral_block":4,"minecraft:peony":3,"minecraft:gold_block":4,"minecraft:polished_deepslate":13,"minecraft:nether_brick_fence":2,"minecraft:bookshelf":48,"minecraft:shroomlight":1,"minecraft:deepslate_iron_ore":249,"minecraft:packed_ice":2,"minecraft:chorus_plant":15,"minecraft:stone":864,"minecraft:flowering_azalea":1,"minecraft:magenta_stained_glass":14,"minecraft:infested_stone_bricks":1,"minecraft:basalt":175,"minecraft:crafting_table":18,"minecraft:honey_block":1,"minecraft:oak_wood":12,"minecraft:lectern":24,"minecraft:lily_pad":3,"minecraft:sculk":4,"minecraft:blue_bed":2,"minecraft:spruce_stairs":2,"minecraft:birch_planks":11,"minecraft:cactus":2,"minecraft:dead_fire_coral_block":7,"minecraft:lime_bed":8,"minecraft:sea_pickle":1,"minecraft:beehive":1,"minecraft:gray_bed":3,"minecraft:bee_nest":1,"minecraft:yellow_bed":1,"minecraft:dead_brain_coral_block":2,"minecraft:coal_ore":154,"minecraft:cyan_carpet":1,"minecraft:gray_carpet":2,"minecraft:end_rod":5,"minecraft:cracked_stone_bricks":2,"minecraft:terracotta":3,"minecraft:stripped_acacia_wood":7,"minecraft:mossy_stone_bricks":5,"minecraft:crimson_fence":17},"minecraft:picked_up":{"minecraft:wooden_axe":2,"minecraft:iron_chestplate":87,"minecraft:chainmail_boots":4,"minecraft:anvil":2,"minecraft:flower_pot":5,"minecraft:lead":36,"minecraft:diamond_sword":40,"minecraft:brown_bed":5,"minecraft:wither_rose":9,"minecraft:enchanted_book":67,"minecraft:brewing_stand":25,"minecraft:golden_sword":4,"minecraft:amethyst_block":9,"minecraft:polished_deepslate":21,"minecraft:string":946,"minecraft:soul_soil":137,"minecraft:cooked_salmon":182,"minecraft:red_nether_bricks":2,"minecraft:beetroot_soup":1,"minecraft:pufferfish":5,"minecraft:shroomlight":26,"minecraft:beetroot":7,"minecraft:diamond_leggings":39,"minecraft:gold_nugget":27,"minecraft:cobbled_deepslate":2401,"minecraft:crimson_fence":17,"minecraft:spruce_planks":207,"minecraft:trial_key":22,"minecraft:azalea_leaves":149,"minecraft:enchanted_golden_apple":5,"minecraft:melon_slice":151,"minecraft:coal_block":34,"minecraft:mangrove_log":9,"minecraft:golden_helmet":1,"minecraft:beehive":4,"minecraft:composter":2,"minecraft:big_dripleaf":5,"minecraft:acacia_log":6,"minecraft:green_bed":8,"minecraft:sandstone_wall":1,"minecraft:golden_axe":6,"minecraft:lightning_rod":9,"minecraft:waxed_copper_grate":11,"minecraft:warped_planks":3,"minecraft:golden_chestplate":2,"minecraft:cauldron":1,"minecraft:orange_bed":2,"minecraft:stone_sword":6,"minecraft:honey_bottle":5,"minecraft:tropical_fish":31,"minecraft:blackstone_wall":1,"minecraft:armadillo_scute":1,"minecraft:cyan_terracotta":7,"minecraft:bookshelf":7,"minecraft:end_rod":7,"minecraft:waxed_cut_copper":9,"minecraft:blaze_rod":4,"minecraft:iron_bars":6,"minecraft:birch_log":6,"minecraft:magma_block":21,"minecraft:dune_armor_trim_smithing_template":14,"minecraft:feather":13,"minecraft:cooked_beef":12,"minecraft:iron_door":6,"minecraft:water_bucket":88,"minecraft:jungle_log":537,"minecraft:dark_oak_boat":1,"minecraft:brown_wool":2,"minecraft:jungle_wood":273,"minecraft:smoker":1,"minecraft:flint":146,"minecraft:gray_concrete":2,"minecraft:map":5,"minecraft:lantern":1,"minecraft:chipped_anvil":3,"minecraft:stonecutter":1,"minecraft:rabbit":1,"minecraft:diamond_helmet":22,"minecraft:glowstone_dust":2,"minecraft:moss_block":40,"minecraft:warped_wart_block":4,"minecraft:stripped_acacia_wood":7,"minecraft:stripped_crimson_stem":21,"minecraft:stripped_spruce_log":8,"minecraft:dark_oak_log":310,"minecraft:iron_hoe":18,"minecraft:blue_terracotta":9,"minecraft:lever":1,"minecraft:dead_brain_coral_block":2,"minecraft:granite":8,"minecraft:golden_horse_armor":11,"minecraft:bread":1982,"minecraft:music_disc_precipice":1,"minecraft:rooted_dirt":26,"minecraft:dark_oak_fence":14,"minecraft:ominous_trial_key":6,"minecraft:diamond_pickaxe":31,"minecraft:mud":13,"minecraft:crafting_table":46,"minecraft:coarse_dirt":9,"minecraft:bee_nest":1,"minecraft:sandstone_slab":4,"minecraft:ominous_bottle":13,"minecraft:nether_wart":4,"minecraft:clay_ball":71,"minecraft:golden_pickaxe":1,"minecraft:purpur_block":16,"minecraft:dead_horn_coral_block":4,"minecraft:wind_charge":25,"minecraft:jungle_trapdoor":3,"minecraft:red_bed":17,"minecraft:elytra":23,"minecraft:flint_and_steel":13,"minecraft:netherite_scrap":1,"minecraft:iron_shovel":4,"minecraft:cracked_stone_bricks":2,"minecraft:beef":26,"minecraft:chiseled_tuff":21,"minecraft:iron_nugget":38,"minecraft:poppy":3,"minecraft:spruce_slab":8,"minecraft:chest":13,"minecraft:egg":17,"minecraft:sandstone":83,"minecraft:stone":10,"minecraft:raw_gold_block":11,"minecraft:fire_charge":21,"minecraft:white_dye":1,"minecraft:cake":12,"minecraft:carrot":43,"minecraft:redstone":988,"minecraft:netherite_pickaxe":5,"minecraft:mangrove_trapdoor":1,"minecraft:tnt":452,"minecraft:stone_shovel":1,"minecraft:diamond_chestplate":28,"minecraft:beetroot_seeds":4,"minecraft:decorated_pot":19,"minecraft:peony":1,"minecraft:diamond_boots":20,"minecraft:shears":14,"minecraft:deepslate_bricks":1,"minecraft:purpur_slab":5,"minecraft:hay_block":428,"minecraft:sandstone_stairs":21,"minecraft:gold_ingot":509,"minecraft:totem_of_undying":48,"minecraft:tuff_bricks":28,"minecraft:glow_berries":61,"minecraft:mutton":15,"minecraft:white_wool":15,"minecraft:rail":23,"minecraft:bone_block":115,"minecraft:oxeye_daisy":1,"minecraft:lime_bed":6,"minecraft:mud_bricks":7,"minecraft:smooth_red_sandstone":42,"minecraft:tripwire_hook":3,"minecraft:red_mushroom":4,"minecraft:acacia_wood":13,"minecraft:filled_map":3,"minecraft:packed_mud":7,"minecraft:purpur_stairs":6,"minecraft:oak_log":73,"minecraft:lily_pad":6,"minecraft:golden_boots":10,"minecraft:blue_bed":2,"minecraft:paper":3,"minecraft:white_banner":20,"minecraft:apple":300,"minecraft:stone_bricks":19,"minecraft:kelp":3,"minecraft:stone_pickaxe":8,"minecraft:iron_ore":199,"minecraft:glass_bottle":11,"minecraft:gray_bed":3,"minecraft:mangrove_planks":22,"minecraft:iron_sword":186,"minecraft:flowering_azalea":1,"minecraft:dark_oak_stairs":5,"minecraft:smooth_basalt":4,"minecraft:dark_oak_slab":79,"minecraft:sweet_berries":3,"minecraft:spyglass":38,"minecraft:gravel":87,"minecraft:birch_stairs":81,"minecraft:crimson_stairs":40,"minecraft:dead_fire_coral_block":7,"minecraft:spruce_sapling":1,"minecraft:spruce_log":12,"minecraft:crying_obsidian":23,"minecraft:polished_tuff":7,"minecraft:leather_helmet":3,"minecraft:oak_wood":21,"minecraft:firework_rocket":2233,"minecraft:diamond_shovel":21,"minecraft:slime_ball":138,"minecraft:rib_armor_trim_smithing_template":1,"minecraft:diamond_axe":4,"minecraft:painting":2,"minecraft:birch_sign":6,"minecraft:baked_potato":3842,"minecraft:melon_seeds":2,"minecraft:ender_pearl":247,"minecraft:shulker_shell":32,"minecraft:wheat":160,"minecraft:ender_chest":9,"minecraft:nether_brick_fence":2,"minecraft:sentry_armor_trim_smithing_template":2,"minecraft:potion":51,"minecraft:nether_brick":70,"minecraft:gilded_blackstone":3,"minecraft:stone_brick_stairs":2,"minecraft:crimson_planks":82,"minecraft:dead_tube_coral_block":3,"minecraft:waxed_cut_copper_slab":6,"minecraft:raw_copper":12,"minecraft:smooth_stone_slab":11,"minecraft:iron_leggings":84,"minecraft:netherite_ingot":10,"minecraft:experience_bottle":40,"minecraft:smooth_red_sandstone_slab":4,"minecraft:sea_pickle":2,"minecraft:red_sand":102,"minecraft:comparator":1,"minecraft:bucket":20,"minecraft:dark_oak_leaves":11,"minecraft:eye_armor_trim_smithing_template":1,"minecraft:rose_bush":1,"minecraft:calcite":38,"minecraft:ender_eye":4,"minecraft:azalea":11,"minecraft:wooden_shovel":1,"minecraft:smooth_quartz":49,"minecraft:iron_pickaxe":151,"minecraft:iron_boots":103,"minecraft:furnace":20,"minecraft:tipped_arrow":221,"minecraft:stick":344,"minecraft:jungle_door":1,"minecraft:birch_trapdoor":1,"minecraft:polished_deepslate_stairs":2,"minecraft:torch":217,"minecraft:spruce_stairs":3,"minecraft:porkchop":96,"minecraft:dried_kelp":1,"minecraft:pointed_dripstone":36,"minecraft:diorite":8,"minecraft:vine":20,"minecraft:goat_horn":8,"minecraft:cactus":224,"minecraft:rotten_flesh":657,"minecraft:mangrove_roots":1,"minecraft:obsidian":136,"minecraft:cobblestone":2014,"minecraft:cod":24,"minecraft:blaze_powder":3,"minecraft:nautilus_shell":2,"minecraft:pink_petals":10,"minecraft:leather_chestplate":2,"minecraft:lilac":1,"minecraft:magma_cream":4,"minecraft:cherry_planks":169,"minecraft:andesite":81,"minecraft:golden_leggings":3,"minecraft:chiseled_quartz_block":5,"minecraft:oxidized_copper_bulb":1,"minecraft:potato":2877,"minecraft:tuff":62,"minecraft:smooth_sandstone_stairs":19,"minecraft:oxidized_copper_door":1,"minecraft:wither_skeleton_skull":2,"minecraft:lapis_lazuli":248,"minecraft:dirt":167,"minecraft:cut_sandstone_slab":6,"minecraft:name_tag":32,"minecraft:leather_boots":3,"minecraft:bone":699,"minecraft:acacia_planks":33,"minecraft:bow":64,"minecraft:wheat_seeds":554,"minecraft:raw_gold":95,"minecraft:bolt_armor_trim_smithing_template":52,"minecraft:cyan_candle":6,"minecraft:mossy_stone_bricks":9,"minecraft:fletching_table":2,"minecraft:bamboo":32,"minecraft:stone_hoe":6,"minecraft:oak_planks":117,"minecraft:ghast_tear":1,"minecraft:cooked_porkchop":53,"minecraft:axolotl_bucket":5,"minecraft:poisonous_potato":10,"minecraft:waxed_chiseled_copper":3,"minecraft:jungle_planks":264,"minecraft:sand":903,"minecraft:melon":34,"minecraft:nether_brick_stairs":10,"minecraft:spectral_arrow":117,"minecraft:grass_block":82,"minecraft:cyan_bed":16,"minecraft:jungle_slab":2,"minecraft:chiseled_sandstone":33,"minecraft:shulker_box":228,"minecraft:mossy_cobblestone":7,"minecraft:dark_prismarine":25,"minecraft:jungle_leaves":201,"minecraft:light_gray_concrete":9,"minecraft:dark_prismarine_slab":1,"minecraft:clay":1,"minecraft:diamond":417,"minecraft:soul_lantern":3,"minecraft:cracked_polished_blackstone_bricks":2,"minecraft:crossbow":60,"minecraft:breeze_rod":4,"minecraft:bone_meal":170,"minecraft:golden_apple":56,"minecraft:emerald":1409,"minecraft:oak_sapling":1,"minecraft:chorus_fruit":615,"minecraft:netherrack":2624,"minecraft:end_stone_bricks":58,"minecraft:lingering_potion":8,"minecraft:fishing_rod":25,"minecraft:charcoal":8,"minecraft:firework_star":1,"minecraft:allium":4,"minecraft:azure_bluet":6,"minecraft:splash_potion":19,"minecraft:chicken":5,"minecraft:ladder":8,"minecraft:brown_mushroom":2,"minecraft:wooden_pickaxe":9,"minecraft:stone_brick_wall":2,"minecraft:gold_block":27,"minecraft:diamond_horse_armor":1,"minecraft:brick":177,"minecraft:shield":116,"minecraft:dragon_breath":1,"minecraft:moss_carpet":22,"minecraft:end_stone_brick_wall":3,"minecraft:stone_stairs":1,"minecraft:iron_axe":70,"minecraft:cyan_carpet":24,"minecraft:blackstone":224,"minecraft:oak_boat":1,"minecraft:player_head":54,"minecraft:light_gray_wool":15,"minecraft:lectern":47,"minecraft:sugar_cane":893,"minecraft:spruce_trapdoor":1,"minecraft:cherry_trapdoor":6,"minecraft:phantom_membrane":46,"minecraft:dark_oak_sapling":35,"minecraft:raw_iron":1285,"minecraft:stripped_mangrove_wood":7,"minecraft:end_stone":1062,"minecraft:copper_ingot":6,"minecraft:stone_button":7,"minecraft:light_blue_bed":9,"minecraft:iron_horse_armor":19,"minecraft:stone_pressure_plate":4,"minecraft:dark_oak_planks":799,"minecraft:smooth_sandstone_slab":8,"minecraft:arrow":3077,"minecraft:pumpkin_pie":11,"minecraft:jungle_stairs":1,"minecraft:nether_bricks":70,"minecraft:saddle":50,"minecraft:glistering_melon_slice":9,"minecraft:skeleton_skull":3,"minecraft:jungle_boat":1,"minecraft:basalt":147,"minecraft:crimson_stem":6,"minecraft:golden_carrot":553,"minecraft:glow_ink_sac":19,"minecraft:salmon":148,"minecraft:cut_sandstone":84,"minecraft:leather":57,"minecraft:birch_planks":28,"minecraft:waxed_copper_bulb":1,"minecraft:chainmail_chestplate":3,"minecraft:waxed_copper_block":10,"minecraft:yellow_bed":1,"minecraft:gunpowder":1478,"minecraft:wooden_hoe":4,"minecraft:orange_terracotta":30,"minecraft:cooked_mutton":8,"minecraft:podzol":1,"minecraft:smooth_sandstone":175,"minecraft:pearlescent_froglight":2,"minecraft:gray_carpet":28,"minecraft:red_sandstone":54,"minecraft:rabbit_hide":1,"minecraft:spruce_wood":62,"minecraft:iron_ingot":2424,"minecraft:cooked_chicken":6,"minecraft:soul_sand":187,"minecraft:book":716,"minecraft:black_candle":60,"minecraft:emerald_block":9,"minecraft:chiseled_stone_bricks":1,"minecraft:quartz":23,"minecraft:dripstone_block":23,"minecraft:lava_bucket":30,"minecraft:amethyst_shard":392,"minecraft:blast_furnace":32,"minecraft:white_bed":14,"minecraft:nether_brick_slab":3,"minecraft:green_carpet":2,"minecraft:spider_eye":64,"minecraft:pumpkin_seeds":1,"minecraft:dead_bubble_coral_block":1,"minecraft:honey_block":1,"minecraft:chainmail_leggings":2,"minecraft:iron_helmet":58,"minecraft:terracotta":11,"minecraft:damaged_anvil":4,"minecraft:netherite_hoe":15,"minecraft:dark_oak_wood":200,"minecraft:coal":1092,"minecraft:chiseled_tuff_bricks":2},"minecraft:broken":{"minecraft:iron_boots":1,"minecraft:iron_chestplate":1,"minecraft:iron_sword":5,"minecraft:bow":1,"minecraft:wooden_pickaxe":3,"minecraft:shield":13,"minecraft:iron_axe":3,"minecraft:iron_pickaxe":9,"minecraft:iron_helmet":6,"minecraft:golden_leggings":1,"minecraft:stone_pickaxe":1,"minecraft:flint_and_steel":1,"minecraft:golden_axe":1},"minecraft:killed":{"minecraft:cave_spider":10,"minecraft:shulker":50,"minecraft:skeleton":255,"minecraft:guardian":3,"minecraft:chicken":5,"minecraft:magma_cube":10,"minecraft:parrot":2,"minecraft:salmon":96,"minecraft:iron_golem":6,"minecraft:pillager":89,"minecraft:zombie":177,"minecraft:cow":13,"minecraft:evoker":14,"minecraft:vindicator":66,"minecraft:husk":180,"minecraft:wandering_trader":3,"minecraft:ravager":5,"minecraft:breeze":1,"minecraft:enderman":244,"minecraft:zombified_piglin":5,"minecraft:witch":10,"minecraft:spider":51,"minecraft:silverfish":3,"minecraft:piglin_brute":2,"minecraft:piglin":12,"minecraft:pig":2,"minecraft:zombie_villager":2,"minecraft:creeper":35,"minecraft:sheep":12,"minecraft:trader_llama":6,"minecraft:ghast":11,"minecraft:stray":25,"minecraft:blaze":3,"minecraft:vex":4,"minecraft:slime":56,"minecraft:phantom":68,"minecraft:panda":1,"minecraft:drowned":12,"minecraft:hoglin":2,"minecraft:wither_skeleton":66,"minecraft:player":3,"minecraft:villager":5},"minecraft:killed_by":{"minecraft:zombie_villager":1,"minecraft:piglin_brute":2,"minecraft:ravager":5,"minecraft:vindicator":20,"minecraft:zombie":10,"minecraft:vex":10,"minecraft:husk":16,"minecraft:stray":1,"minecraft:ender_dragon":3,"minecraft:slime":2,"minecraft:ghast":2,"minecraft:evoker":1,"minecraft:wither_skeleton":79,"minecraft:zombified_piglin":2,"minecraft:creeper":12,"minecraft:piglin":4,"minecraft:cave_spider":2,"minecraft:blaze":3,"minecraft:witch":2,"minecraft:player":3,"minecraft:spider":1,"minecraft:enderman":4,"minecraft:hoglin":7,"minecraft:skeleton":35,"minecraft:phantom":28},"minecraft:used":{"minecraft:beetroot":12,"minecraft:moss_block":7,"minecraft:tuff_bricks":4,"minecraft:ladder":17,"minecraft:chiseled_tuff":6,"minecraft:elytra":175,"minecraft:spruce_slab":1,"minecraft:poppy":1,"minecraft:chest":15,"minecraft:rotten_flesh":15,"minecraft:soul_sand":34,"minecraft:stripped_spruce_log":1,"minecraft:lava_bucket":164,"minecraft:grass_block":73,"minecraft:netherite_hoe":2,"minecraft:dark_oak_leaves":11,"minecraft:dark_oak_slab":41,"minecraft:dark_oak_boat":2,"minecraft:bow":1440,"minecraft:furnace":5,"minecraft:sweet_berries":3,"minecraft:ominous_bottle":1,"minecraft:oak_sapling":1,"minecraft:egg":9,"minecraft:potato":593,"minecraft:dragon_head":1,"minecraft:mossy_stone_bricks":3,"minecraft:damaged_anvil":3,"minecraft:chorus_fruit":56,"minecraft:blackstone":91,"minecraft:cactus":3,"minecraft:leather_chestplate":2,"minecraft:wooden_pickaxe":266,"minecraft:jungle_boat":4,"minecraft:oak_leaves":4,"minecraft:stripped_mangrove_wood":1,"minecraft:glow_berries":1,"minecraft:golden_apple":3,"minecraft:dark_oak_trapdoor":2,"minecraft:sand":246,"minecraft:cut_sandstone_slab":3,"minecraft:blast_furnace":10,"minecraft:smooth_red_sandstone":5,"minecraft:lightning_rod":5,"minecraft:red_sandstone":3,"minecraft:chiseled_sandstone":10,"minecraft:stone_button":2,"minecraft:lectern":29,"minecraft:soul_lantern":1,"minecraft:chiseled_tuff_bricks":2,"minecraft:coal_block":3,"minecraft:diamond_sword":1442,"minecraft:dark_oak_fence":27,"minecraft:oak_boat":6,"minecraft:iron_bars":4,"minecraft:stone_sword":188,"minecraft:cooked_salmon":48,"minecraft:trial_key":8,"minecraft:netherrack":1050,"minecraft:orange_bed":2,"minecraft:torch":156,"minecraft:brewing_stand":3,"minecraft:anvil":4,"minecraft:shroomlight":2,"minecraft:chipped_anvil":3,"minecraft:rooted_dirt":5,"minecraft:iron_axe":1576,"minecraft:jungle_log":47,"minecraft:smooth_quartz":8,"minecraft:totem_of_undying":12,"minecraft:mud_bricks":2,"minecraft:bamboo":5,"minecraft:diamond_chestplate":150,"minecraft:basalt":30,"minecraft:goat_horn":4,"minecraft:cobbled_deepslate":506,"minecraft:acacia_planks":16,"minecraft:pointed_dripstone":13,"minecraft:golden_axe":78,"minecraft:calcite":8,"minecraft:wheat_seeds":136,"minecraft:water_bucket":681,"minecraft:sandstone_stairs":2,"minecraft:smooth_sandstone_slab":1,"minecraft:cauldron":5,"minecraft:fletching_table":4,"minecraft:leather_boots":1,"minecraft:gilded_blackstone":5,"minecraft:salmon":10,"minecraft:vine":20,"minecraft:tnt":5,"minecraft:crafting_table":62,"minecraft:red_bed":16,"minecraft:white_bed":12,"minecraft:mud":8,"minecraft:oak_log":6,"minecraft:dark_prismarine":2,"minecraft:diamond_pickaxe":1791,"minecraft:ender_eye":2,"minecraft:ominous_trial_key":4,"minecraft:diamond_shovel":278,"minecraft:wind_charge":22,"minecraft:iron_pickaxe":5281,"minecraft:spruce_sapling":1,"minecraft:green_carpet":2,"minecraft:cobblestone":308,"minecraft:azalea_leaves":149,"minecraft:potion":14,"minecraft:crimson_stairs":22,"minecraft:cooked_porkchop":14,"minecraft:porkchop":2,"minecraft:sandstone_slab":2,"minecraft:diamond_leggings":16,"minecraft:moss_carpet":6,"minecraft:red_sand":15,"minecraft:polished_deepslate":13,"minecraft:iron_shovel":168,"minecraft:shield":806,"minecraft:bone_block":54,"minecraft:decorated_pot":14,"minecraft:iron_sword":4322,"minecraft:player_head":13,"minecraft:iron_chestplate":62,"minecraft:jungle_planks":164,"minecraft:nether_bricks":3,"minecraft:carrot":25,"minecraft:tuff":2,"minecraft:beehive":1,"minecraft:axolotl_bucket":1,"minecraft:obsidian":17,"minecraft:milk_bucket":1,"minecraft:big_dripleaf":3,"minecraft:iron_horse_armor":1,"minecraft:spruce_wood":13,"minecraft:packed_mud":1,"minecraft:iron_helmet":39,"minecraft:dark_oak_wood":8,"minecraft:light_blue_bed":4,"minecraft:raw_gold_block":11,"minecraft:stone_bricks":4,"minecraft:golden_sword":4,"minecraft:magma_block":15,"minecraft:hay_block":2,"minecraft:gray_bed":2,"minecraft:gold_block":3,"minecraft:skeleton_skull":1,"minecraft:pearlescent_froglight":1,"minecraft:dark_oak_sapling":28,"minecraft:golden_boots":4,"minecraft:dark_oak_stairs":4,"minecraft:end_rod":4,"minecraft:diamond_boots":11,"minecraft:stone_pickaxe":325,"minecraft:wither_skeleton_skull":1,"minecraft:oak_planks":31,"minecraft:mangrove_planks":2,"minecraft:diamond_axe":6,"minecraft:sugar_cane":35,"minecraft:ender_pearl":88,"minecraft:blue_bed":2,"minecraft:black_banner":1,"minecraft:crossbow":672,"minecraft:dripstone_block":6,"minecraft:end_stone":377,"minecraft:shears":394,"minecraft:waxed_chiseled_copper":1,"minecraft:redstone_torch":1,"minecraft:polished_tuff":1,"minecraft:melon_slice":73,"minecraft:firework_rocket":357,"minecraft:bread":338,"minecraft:light_gray_concrete":3,"minecraft:dark_oak_log":1,"minecraft:gravel":19,"minecraft:cyan_bed":11,"minecraft:iron_door":1,"minecraft:smooth_red_sandstone_slab":4,"minecraft:chainmail_boots":1,"minecraft:andesite":5,"minecraft:coarse_dirt":3,"minecraft:bone_meal":617,"minecraft:experience_bottle":45,"minecraft:azalea":2,"minecraft:jungle_leaves":146,"minecraft:tropical_fish":1,"minecraft:flint_and_steel":120,"minecraft:crimson_fence":17,"minecraft:dried_kelp":1,"minecraft:spruce_planks":5,"minecraft:ender_chest":1,"minecraft:stone_hoe":30,"minecraft:cooked_chicken":4,"minecraft:end_stone_brick_wall":1,"minecraft:dirt":40,"minecraft:spyglass":164,"minecraft:diamond_helmet":9,"minecraft:shulker_box":208,"minecraft:golden_chestplate":5,"minecraft:iron_hoe":101,"minecraft:dark_oak_planks":703,"minecraft:smooth_sandstone":75,"minecraft:iron_boots":43,"minecraft:crimson_planks":1,"minecraft:golden_carrot":43,"minecraft:soul_soil":34,"minecraft:netherite_pickaxe":1,"minecraft:cooked_beef":4,"minecraft:brown_bed":2,"minecraft:enchanted_golden_apple":2,"minecraft:iron_leggings":48,"minecraft:cooked_mutton":3,"minecraft:iron_ore":16,"minecraft:cobblestone_stairs":8,"minecraft:glass_bottle":1,"minecraft:baked_potato":1136,"minecraft:red_nether_bricks":2,"minecraft:brown_mushroom":2,"minecraft:cut_sandstone":7,"minecraft:stonecutter":1,"minecraft:green_bed":8,"minecraft:waxed_copper_block":1,"minecraft:jungle_wood":129,"minecraft:terracotta":1,"minecraft:lime_bed":5,"minecraft:painting":2,"minecraft:smoker":5,"minecraft:flower_pot":1,"minecraft:wooden_hoe":1,"minecraft:apple":12,"minecraft:map":3,"minecraft:jungle_stairs":37,"minecraft:golden_leggings":1,"minecraft:stone_axe":6,"minecraft:pink_petals":6,"minecraft:fishing_rod":71,"minecraft:white_banner":2,"minecraft:bucket":859,"minecraft:yellow_bed":1,"minecraft:sea_pickle":2,"minecraft:splash_potion":5,"minecraft:birch_stairs":70}},"DataVersion":3955}