{"stats":{"minecraft:killed_by":{"minecraft:piglin_brute":2,"minecraft:vindicator":11,"minecraft:zombie":7,"minecraft:vex":5,"minecraft:husk":11,"minecraft:stray":1,"minecraft:ender_dragon":3,"minecraft:ghast":2,"minecraft:evoker":1,"minecraft:zombified_piglin":2,"minecraft:wither_skeleton":4,"minecraft:creeper":7,"minecraft:piglin":1,"minecraft:blaze":3,"minecraft:witch":2,"minecraft:player":3,"minecraft:spider":1,"minecraft:enderman":3,"minecraft:skeleton":22},"minecraft:used":{"minecraft:beetroot":12,"minecraft:moss_block":1,"minecraft:tuff_bricks":4,"minecraft:spruce_slab":1,"minecraft:elytra":20,"minecraft:chest":6,"minecraft:rotten_flesh":15,"minecraft:soul_sand":9,"minecraft:stripped_spruce_log":1,"minecraft:lava_bucket":131,"minecraft:grass_block":73,"minecraft:dark_oak_leaves":11,"minecraft:bow":30,"minecraft:dark_oak_boat":1,"minecraft:sweet_berries":3,"minecraft:oak_sapling":1,"minecraft:furnace":3,"minecraft:egg":6,"minecraft:potato":76,"minecraft:mossy_stone_bricks":3,"minecraft:chorus_fruit":17,"minecraft:blackstone":65,"minecraft:wooden_pickaxe":248,"minecraft:jungle_boat":1,"minecraft:oak_leaves":4,"minecraft:golden_apple":3,"minecraft:glow_berries":1,"minecraft:sand":44,"minecraft:blast_furnace":3,"minecraft:smooth_red_sandstone":1,"minecraft:red_sandstone":3,"minecraft:chiseled_sandstone":10,"minecraft:stone_button":1,"minecraft:chiseled_tuff_bricks":1,"minecraft:diamond_sword":193,"minecraft:dark_oak_fence":7,"minecraft:oak_boat":6,"minecraft:iron_bars":4,"minecraft:stone_sword":137,"minecraft:cooked_salmon":47,"minecraft:trial_key":2,"minecraft:netherrack":330,"minecraft:orange_bed":2,"minecraft:torch":59,"minecraft:iron_axe":894,"minecraft:jungle_log":14,"minecraft:diamond_chestplate":25,"minecraft:cobbled_deepslate":458,"minecraft:golden_axe":48,"minecraft:pointed_dripstone":13,"minecraft:calcite":5,"minecraft:wheat_seeds":136,"minecraft:water_bucket":102,"minecraft:sandstone_stairs":2,"minecraft:cauldron":5,"minecraft:salmon":10,"minecraft:tnt":1,"minecraft:crafting_table":34,"minecraft:white_bed":2,"minecraft:oak_log":6,"minecraft:mud":1,"minecraft:diamond_pickaxe":921,"minecraft:ender_eye":2,"minecraft:diamond_shovel":278,"minecraft:wind_charge":11,"minecraft:iron_pickaxe":1597,"minecraft:cobblestone":246,"minecraft:azalea_leaves":56,"minecraft:potion":7,"minecraft:crimson_stairs":22,"minecraft:cooked_porkchop":12,"minecraft:diamond_leggings":7,"minecraft:red_sand":15,"minecraft:polished_deepslate":4,"minecraft:decorated_pot":13,"minecraft:shield":219,"minecraft:iron_sword":2135,"minecraft:player_head":2,"minecraft:iron_chestplate":22,"minecraft:jungle_planks":27,"minecraft:nether_bricks":2,"minecraft:carrot":22,"minecraft:axolotl_bucket":1,"minecraft:obsidian":6,"minecraft:milk_bucket":1,"minecraft:iron_horse_armor":1,"minecraft:spruce_wood":13,"minecraft:iron_helmet":22,"minecraft:light_blue_bed":4,"minecraft:stone_bricks":3,"minecraft:magma_block":15,"minecraft:gray_bed":2,"minecraft:gold_block":3,"minecraft:skeleton_skull":1,"minecraft:dark_oak_sapling":17,"minecraft:golden_boots":4,"minecraft:diamond_boots":4,"minecraft:stone_pickaxe":270,"minecraft:oak_planks":28,"minecraft:ender_pearl":22,"minecraft:blue_bed":2,"minecraft:crossbow":39,"minecraft:dripstone_block":6,"minecraft:shears":129,"minecraft:waxed_chiseled_copper":1,"minecraft:firework_rocket":33,"minecraft:melon_slice":62,"minecraft:bread":310,"minecraft:dark_oak_log":1,"minecraft:cyan_bed":7,"minecraft:iron_door":1,"minecraft:smooth_red_sandstone_slab":4,"minecraft:coarse_dirt":3,"minecraft:bone_meal":220,"minecraft:experience_bottle":3,"minecraft:azalea":1,"minecraft:jungle_leaves":58,"minecraft:crimson_fence":17,"minecraft:flint_and_steel":2,"minecraft:tropical_fish":1,"minecraft:dried_kelp":1,"minecraft:spruce_planks":1,"minecraft:stone_hoe":30,"minecraft:cooked_chicken":3,"minecraft:dirt":34,"minecraft:spyglass":125,"minecraft:diamond_helmet":1,"minecraft:shulker_box":14,"minecraft:iron_hoe":94,"minecraft:dark_oak_planks":444,"minecraft:smooth_sandstone":6,"minecraft:iron_boots":19,"minecraft:crimson_planks":1,"minecraft:soul_soil":32,"minecraft:cooked_beef":4,"minecraft:iron_leggings":27,"minecraft:cooked_mutton":1,"minecraft:iron_ore":16,"minecraft:baked_potato":145,"minecraft:cut_sandstone":2,"minecraft:brown_mushroom":2,"minecraft:green_bed":3,"minecraft:waxed_copper_block":1,"minecraft:jungle_wood":61,"minecraft:lime_bed":3,"minecraft:smoker":1,"minecraft:apple":12,"minecraft:stone_axe":6,"minecraft:pink_petals":6,"minecraft:fishing_rod":9,"minecraft:bucket":246,"minecraft:yellow_bed":1,"minecraft:birch_stairs":36},"minecraft:mined":{"minecraft:dark_oak_planks":30,"minecraft:white_bed":2,"minecraft:jungle_leaves":61,"minecraft:red_nether_bricks":2,"minecraft:obsidian":9,"minecraft:potted_dead_bush":1,"minecraft:red_sand":54,"minecraft:acacia_log":6,"minecraft:jungle_log":30,"minecraft:chiseled_tuff_bricks":2,"minecraft:oxeye_daisy":1,"minecraft:spawner":9,"minecraft:tall_seagrass":7,"minecraft:magma_block":17,"minecraft:dark_oak_trapdoor":1,"minecraft:cobbled_deepslate":28,"minecraft:fire":109,"minecraft:deepslate_lapis_ore":24,"minecraft:smooth_red_sandstone":12,"minecraft:cave_vines":1,"minecraft:spruce_wood":13,"minecraft:stripped_mangrove_wood":2,"minecraft:player_head":5,"minecraft:orange_bed":2,"minecraft:cut_sandstone":28,"minecraft:brown_mushroom":1,"minecraft:red_bed":1,"minecraft:player_wall_head":2,"minecraft:soul_fire":33,"minecraft:amethyst_cluster":11,"minecraft:torch":2,"minecraft:dark_oak_wood":16,"minecraft:blast_furnace":7,"minecraft:melon":11,"minecraft:dead_bush":7,"minecraft:cyan_bed":6,"minecraft:sugar_cane":99,"minecraft:amethyst_block":1,"minecraft:jungle_wood":104,"minecraft:mud":1,"minecraft:wheat":105,"minecraft:waxed_copper_block":4,"minecraft:smooth_basalt":1,"minecraft:stripped_crimson_stem":21,"minecraft:deepslate":705,"minecraft:mossy_cobblestone":1,"minecraft:dark_oak_log":115,"minecraft:shulker_box":14,"minecraft:nether_bricks":13,"minecraft:dark_oak_fence":7,"minecraft:jungle_planks":2,"minecraft:moss_block":6,"minecraft:white_concrete_powder":1,"minecraft:waxed_copper_grate":7,"minecraft:red_sandstone":15,"minecraft:acacia_wood":6,"minecraft:suspicious_sand":4,"minecraft:andesite":26,"minecraft:chiseled_tuff":4,"minecraft:potatoes":149,"minecraft:vine":6,"minecraft:bamboo":18,"minecraft:birch_stairs":47,"minecraft:glass_pane":2,"minecraft:cherry_planks":5,"minecraft:soul_sand":27,"minecraft:smooth_sandstone":84,"minecraft:short_grass":302,"minecraft:warped_roots":1,"minecraft:tall_grass":12,"minecraft:copper_ore":5,"minecraft:smooth_red_sandstone_slab":2,"minecraft:deepslate_gold_ore":28,"minecraft:diorite":1,"minecraft:big_dripleaf":1,"minecraft:black_stained_glass":2,"minecraft:coarse_dirt":8,"minecraft:light_blue_bed":5,"minecraft:spruce_log":2,"minecraft:birch_leaves":5,"minecraft:mangrove_leaves":1,"minecraft:gravel":27,"minecraft:dripstone_block":3,"minecraft:cobweb":73,"minecraft:stone_bricks":6,"minecraft:gold_ore":12,"minecraft:fern":50,"minecraft:large_amethyst_bud":1,"minecraft:stone_pressure_plate":1,"minecraft:spruce_planks":15,"minecraft:farmland":2,"minecraft:jungle_slab":2,"minecraft:sculk_vein":1,"minecraft:brewing_stand":1,"minecraft:cave_vines_plant":1,"minecraft:budding_amethyst":1,"minecraft:grass_block":131,"minecraft:soul_soil":78,"minecraft:tuff_bricks":11,"minecraft:sandstone_stairs":1,"minecraft:iron_ore":48,"minecraft:polished_tuff":4,"minecraft:azure_bluet":2,"minecraft:dark_oak_stairs":1,"minecraft:pointed_dripstone":4,"minecraft:iron_bars":4,"minecraft:black_candle":5,"minecraft:azalea_leaves":57,"minecraft:azalea":1,"minecraft:spruce_slab":2,"minecraft:green_bed":2,"minecraft:waxed_cut_copper":3,"minecraft:deepslate_redstone_ore":23,"minecraft:blackstone":6,"minecraft:twisting_vines_plant":1,"minecraft:orange_terracotta":2,"minecraft:clay":5,"minecraft:calcite":12,"minecraft:chest":2,"minecraft:nether_quartz_ore":2,"minecraft:cobblestone":88,"minecraft:oak_planks":15,"minecraft:iron_door":3,"minecraft:wall_torch":4,"minecraft:cauldron":1,"minecraft:pink_petals":2,"minecraft:seagrass":7,"minecraft:blue_terracotta":2,"minecraft:birch_log":6,"minecraft:birch_trapdoor":1,"minecraft:tnt":13,"minecraft:oak_log":30,"minecraft:beetroots":1,"minecraft:sand":85,"minecraft:dirt":10,"minecraft:crimson_planks":9,"minecraft:netherrack":402,"minecraft:oak_leaves":6,"minecraft:emerald_block":2,"minecraft:tuff":36,"minecraft:dark_oak_leaves":29,"minecraft:deepslate_diamond_ore":39,"minecraft:mangrove_roots":1,"minecraft:purple_terracotta":1,"minecraft:decorated_pot":61,"minecraft:mangrove_trapdoor":1,"minecraft:sandstone":21,"minecraft:rooted_dirt":8,"minecraft:large_fern":5,"minecraft:hay_block":72,"minecraft:furnace":1,"minecraft:chiseled_sandstone":14,"minecraft:peony":3,"minecraft:polished_deepslate":5,"minecraft:bookshelf":46,"minecraft:deepslate_iron_ore":110,"minecraft:chorus_plant":5,"minecraft:stone":717,"minecraft:flowering_azalea":1,"minecraft:infested_stone_bricks":1,"minecraft:crafting_table":9,"minecraft:honey_block":1,"minecraft:oak_wood":12,"minecraft:lily_pad":1,"minecraft:sculk":4,"minecraft:blue_bed":2,"minecraft:spruce_stairs":2,"minecraft:lime_bed":4,"minecraft:birch_planks":2,"minecraft:cactus":1,"minecraft:gray_bed":3,"minecraft:yellow_bed":1,"minecraft:coal_ore":79,"minecraft:gray_carpet":2,"minecraft:cracked_stone_bricks":2,"minecraft:mossy_stone_bricks":5,"minecraft:crimson_fence":17},"minecraft:killed":{"minecraft:cave_spider":8,"minecraft:shulker":1,"minecraft:skeleton":66,"minecraft:chicken":4,"minecraft:parrot":2,"minecraft:salmon":96,"minecraft:iron_golem":3,"minecraft:pillager":18,"minecraft:zombie":77,"minecraft:cow":13,"minecraft:evoker":1,"minecraft:vindicator":21,"minecraft:husk":79,"minecraft:wandering_trader":2,"minecraft:enderman":68,"minecraft:witch":2,"minecraft:zombified_piglin":1,"minecraft:spider":26,"minecraft:silverfish":3,"minecraft:piglin":1,"minecraft:pig":2,"minecraft:zombie_villager":1,"minecraft:creeper":3,"minecraft:sheep":9,"minecraft:trader_llama":4,"minecraft:ghast":5,"minecraft:blaze":3,"minecraft:drowned":8,"minecraft:wither_skeleton":9,"minecraft:player":2,"minecraft:villager":1},"minecraft:picked_up":{"minecraft:wooden_axe":2,"minecraft:iron_chestplate":52,"minecraft:chainmail_boots":1,"minecraft:lead":23,"minecraft:diamond_sword":8,"minecraft:wither_rose":5,"minecraft:enchanted_book":46,"minecraft:brewing_stand":20,"minecraft:polished_deepslate":12,"minecraft:soul_soil":94,"minecraft:string":883,"minecraft:red_nether_bricks":2,"minecraft:cooked_salmon":181,"minecraft:beetroot":4,"minecraft:diamond_leggings":12,"minecraft:gold_nugget":26,"minecraft:cobbled_deepslate":1997,"minecraft:crimson_fence":17,"minecraft:spruce_planks":193,"minecraft:trial_key":11,"minecraft:azalea_leaves":56,"minecraft:melon_slice":96,"minecraft:big_dripleaf":2,"minecraft:green_bed":3,"minecraft:acacia_log":6,"minecraft:golden_axe":5,"minecraft:waxed_copper_grate":11,"minecraft:golden_chestplate":1,"minecraft:cauldron":1,"minecraft:orange_bed":2,"minecraft:stone_sword":5,"minecraft:honey_bottle":1,"minecraft:tropical_fish":9,"minecraft:armadillo_scute":1,"minecraft:waxed_cut_copper":7,"minecraft:blaze_rod":4,"minecraft:iron_bars":4,"minecraft:birch_log":6,"minecraft:magma_block":21,"minecraft:dune_armor_trim_smithing_template":14,"minecraft:feather":13,"minecraft:cooked_beef":12,"minecraft:iron_door":6,"minecraft:water_bucket":36,"minecraft:jungle_log":34,"minecraft:brown_wool":2,"minecraft:dark_oak_boat":1,"minecraft:jungle_wood":146,"minecraft:flint":113,"minecraft:lantern":1,"minecraft:diamond_helmet":3,"minecraft:moss_block":17,"minecraft:warped_wart_block":4,"minecraft:stripped_crimson_stem":21,"minecraft:stripped_spruce_log":8,"minecraft:dark_oak_log":114,"minecraft:iron_hoe":5,"minecraft:blue_terracotta":2,"minecraft:golden_horse_armor":11,"minecraft:bread":1690,"minecraft:dark_oak_fence":8,"minecraft:diamond_pickaxe":21,"minecraft:mud":1,"minecraft:crafting_table":37,"minecraft:coarse_dirt":9,"minecraft:ominous_bottle":1,"minecraft:clay_ball":24,"minecraft:wind_charge":3,"minecraft:elytra":5,"minecraft:flint_and_steel":4,"minecraft:cracked_stone_bricks":2,"minecraft:beef":26,"minecraft:chiseled_tuff":11,"minecraft:iron_nugget":8,"minecraft:poppy":1,"minecraft:spruce_slab":2,"minecraft:chest":3,"minecraft:egg":6,"minecraft:sandstone":79,"minecraft:fire_charge":1,"minecraft:cake":12,"minecraft:carrot":22,"minecraft:redstone":896,"minecraft:mangrove_trapdoor":1,"minecraft:tnt":445,"minecraft:diamond_chestplate":12,"minecraft:decorated_pot":17,"minecraft:beetroot_seeds":4,"minecraft:peony":1,"minecraft:shears":5,"minecraft:diamond_boots":4,"minecraft:hay_block":389,"minecraft:sandstone_stairs":20,"minecraft:gold_ingot":220,"minecraft:tuff_bricks":12,"minecraft:glow_berries":61,"minecraft:mutton":14,"minecraft:white_wool":8,"minecraft:oxeye_daisy":1,"minecraft:lime_bed":4,"minecraft:smooth_red_sandstone":24,"minecraft:tripwire_hook":1,"minecraft:red_mushroom":4,"minecraft:acacia_wood":6,"minecraft:oak_log":64,"minecraft:lily_pad":5,"minecraft:golden_boots":8,"minecraft:blue_bed":2,"minecraft:white_banner":1,"minecraft:apple":242,"minecraft:stone_bricks":17,"minecraft:kelp":1,"minecraft:stone_pickaxe":8,"minecraft:iron_ore":199,"minecraft:glass_bottle":1,"minecraft:gray_bed":3,"minecraft:iron_sword":105,"minecraft:sweet_berries":3,"minecraft:spyglass":25,"minecraft:gravel":28,"minecraft:crimson_stairs":40,"minecraft:birch_stairs":37,"minecraft:crying_obsidian":15,"minecraft:polished_tuff":5,"minecraft:leather_helmet":2,"minecraft:oak_wood":21,"minecraft:firework_rocket":1417,"minecraft:diamond_shovel":18,"minecraft:diamond_axe":1,"minecraft:baked_potato":477,"minecraft:ender_pearl":81,"minecraft:shulker_shell":1,"minecraft:wheat":152,"minecraft:ender_chest":7,"minecraft:potion":22,"minecraft:nether_brick":45,"minecraft:crimson_planks":81,"minecraft:raw_copper":12,"minecraft:iron_leggings":51,"minecraft:experience_bottle":3,"minecraft:smooth_red_sandstone_slab":4,"minecraft:sea_pickle":1,"minecraft:red_sand":102,"minecraft:comparator":1,"minecraft:bucket":12,"minecraft:dark_oak_leaves":11,"minecraft:ender_eye":3,"minecraft:calcite":11,"minecraft:azalea":5,"minecraft:wooden_shovel":1,"minecraft:iron_pickaxe":85,"minecraft:iron_boots":54,"minecraft:furnace":16,"minecraft:stick":174,"minecraft:birch_trapdoor":1,"minecraft:torch":157,"minecraft:spruce_stairs":3,"minecraft:porkchop":86,"minecraft:dried_kelp":1,"minecraft:pointed_dripstone":32,"minecraft:diorite":3,"minecraft:cactus":213,"minecraft:rotten_flesh":150,"minecraft:mangrove_roots":1,"minecraft:obsidian":50,"minecraft:cobblestone":1657,"minecraft:pink_petals":10,"minecraft:cherry_planks":169,"minecraft:andesite":33,"minecraft:golden_leggings":1,"minecraft:oxidized_copper_bulb":1,"minecraft:potato":1133,"minecraft:tuff":35,"minecraft:wither_skeleton_skull":1,"minecraft:lapis_lazuli":140,"minecraft:oxidized_copper_door":1,"minecraft:dirt":137,"minecraft:cut_sandstone_slab":2,"minecraft:name_tag":20,"minecraft:bone":209,"minecraft:acacia_planks":13,"minecraft:bow":28,"minecraft:wheat_seeds":490,"minecraft:raw_gold":65,"minecraft:bolt_armor_trim_smithing_template":52,"minecraft:mossy_stone_bricks":9,"minecraft:bamboo":25,"minecraft:oak_planks":86,"minecraft:stone_hoe":6,"minecraft:cooked_porkchop":53,"minecraft:axolotl_bucket":5,"minecraft:poisonous_potato":8,"minecraft:waxed_chiseled_copper":2,"minecraft:sand":177,"minecraft:jungle_planks":67,"minecraft:nether_brick_stairs":2,"minecraft:grass_block":74,"minecraft:cyan_bed":11,"minecraft:jungle_slab":2,"minecraft:spectral_arrow":12,"minecraft:chiseled_sandstone":30,"minecraft:shulker_box":16,"minecraft:jungle_leaves":59,"minecraft:clay":1,"minecraft:diamond":138,"minecraft:crossbow":9,"minecraft:breeze_rod":4,"minecraft:bone_meal":128,"minecraft:golden_apple":19,"minecraft:emerald":783,"minecraft:oak_sapling":1,"minecraft:netherrack":756,"minecraft:chorus_fruit":209,"minecraft:fishing_rod":17,"minecraft:charcoal":8,"minecraft:allium":4,"minecraft:azure_bluet":5,"minecraft:chicken":5,"minecraft:brown_mushroom":2,"minecraft:wooden_pickaxe":8,"minecraft:gold_block":19,"minecraft:diamond_horse_armor":1,"minecraft:brick":152,"minecraft:shield":31,"minecraft:moss_carpet":5,"minecraft:iron_axe":26,"minecraft:cyan_carpet":23,"minecraft:blackstone":153,"minecraft:oak_boat":1,"minecraft:player_head":20,"minecraft:light_gray_wool":1,"minecraft:lectern":1,"minecraft:sugar_cane":755,"minecraft:spruce_trapdoor":1,"minecraft:cherry_trapdoor":6,"minecraft:dark_oak_sapling":24,"minecraft:raw_iron":701,"minecraft:end_stone":24,"minecraft:stripped_mangrove_wood":1,"minecraft:copper_ingot":6,"minecraft:stone_button":1,"minecraft:light_blue_bed":9,"minecraft:iron_horse_armor":19,"minecraft:stone_pressure_plate":4,"minecraft:dark_oak_planks":133,"minecraft:arrow":275,"minecraft:pumpkin_pie":11,"minecraft:nether_bricks":67,"minecraft:saddle":33,"minecraft:skeleton_skull":3,"minecraft:jungle_boat":1,"minecraft:golden_carrot":42,"minecraft:glow_ink_sac":13,"minecraft:salmon":134,"minecraft:cut_sandstone":70,"minecraft:leather":50,"minecraft:birch_planks":1,"minecraft:waxed_copper_bulb":1,"minecraft:waxed_copper_block":10,"minecraft:yellow_bed":1,"minecraft:gunpowder":1069,"minecraft:orange_terracotta":30,"minecraft:cooked_mutton":3,"minecraft:smooth_sandstone":32,"minecraft:gray_carpet":28,"minecraft:red_sandstone":47,"minecraft:rabbit_hide":1,"minecraft:spruce_wood":62,"minecraft:iron_ingot":2014,"minecraft:cooked_chicken":4,"minecraft:soul_sand":83,"minecraft:book":279,"minecraft:emerald_block":9,"minecraft:black_candle":60,"minecraft:quartz":4,"minecraft:dripstone_block":21,"minecraft:lava_bucket":9,"minecraft:amethyst_shard":292,"minecraft:blast_furnace":25,"minecraft:white_bed":3,"minecraft:spider_eye":12,"minecraft:pumpkin_seeds":1,"minecraft:honey_block":1,"minecraft:iron_helmet":35,"minecraft:dark_oak_wood":16,"minecraft:chiseled_tuff_bricks":1,"minecraft:coal":781},"minecraft:custom":{"minecraft:interact_with_crafting_table":142,"minecraft:open_barrel":81,"minecraft:bell_ring":1,"minecraft:eat_cake_slice":3,"minecraft:leave_game":8,"minecraft:time_since_death":122042,"minecraft:damage_blocked_by_shield":14957,"minecraft:play_time":1643884,"minecraft:deaths":102,"minecraft:jump":19517,"minecraft:interact_with_furnace":97,"minecraft:sleep_in_bed":49,"minecraft:damage_dealt":98803,"minecraft:interact_with_smoker":43,"minecraft:use_cauldron":1,"minecraft:inspect_dispenser":3,"minecraft:horse_one_cm":3017834,"minecraft:interact_with_smithing_table":1,"minecraft:sneak_time":47057,"minecraft:interact_with_lectern":1,"minecraft:interact_with_blast_furnace":24,"minecraft:total_world_time":1643884,"minecraft:time_since_rest":33815,"minecraft:swim_one_cm":837657,"minecraft:fly_one_cm":3355463,"minecraft:open_chest":378,"minecraft:fall_one_cm":410764,"minecraft:open_shulker_box":55,"minecraft:sprint_one_cm":3433225,"minecraft:drop":481,"minecraft:talked_to_villager":6,"minecraft:interact_with_brewingstand":1,"minecraft:walk_on_water_one_cm":438913,"minecraft:open_enderchest":46,"minecraft:player_kills":4,"minecraft:crouch_one_cm":76732,"minecraft:mob_kills":558,"minecraft:interact_with_campfire":11,"minecraft:climb_one_cm":54708,"minecraft:walk_one_cm":3599396,"minecraft:walk_under_water_one_cm":420314,"minecraft:boat_one_cm":727006,"minecraft:damage_taken":57522,"minecraft:damage_absorbed":80,"minecraft:trigger_trapped_chest":4,"minecraft:aviate_one_cm":954733},"minecraft:dropped":{"minecraft:clay":1,"minecraft:iron_sword":10,"minecraft:glow_ink_sac":8,"minecraft:glass_bottle":6,"minecraft:diamond":4,"minecraft:crafting_table":1,"minecraft:cooked_porkchop":6,"minecraft:sandstone_stairs":18,"minecraft:red_sandstone":26,"minecraft:crossbow":1,"minecraft:glow_berries":1,"minecraft:cracked_stone_bricks":2,"minecraft:elytra":2,"minecraft:cut_sandstone_slab":1,"minecraft:leather_helmet":2,"minecraft:red_mushroom":4,"minecraft:gold_block":3,"minecraft:dirt":19,"minecraft:gold_nugget":13,"minecraft:bone_meal":1,"minecraft:sand":100,"minecraft:iron_pickaxe":4,"minecraft:dark_oak_planks":4,"minecraft:fishing_rod":1,"minecraft:dark_oak_boat":1,"minecraft:white_wool":1,"minecraft:birch_stairs":1,"minecraft:cyan_carpet":23,"minecraft:bone":35,"minecraft:stone_axe":1,"minecraft:sugar_cane":1,"minecraft:iron_nugget":4,"minecraft:golden_chestplate":1,"minecraft:cobbled_deepslate":56,"minecraft:wheat":1,"minecraft:rotten_flesh":90,"minecraft:oak_planks":5,"minecraft:azure_bluet":4,"minecraft:salmon":7,"minecraft:waxed_copper_block":1,"minecraft:charcoal":4,"minecraft:chiseled_tuff":4,"minecraft:warped_wart_block":2,"minecraft:crimson_planks":3,"minecraft:iron_ingot":10,"minecraft:golden_boots":2,"minecraft:wheat_seeds":149,"minecraft:dripstone_block":12,"minecraft:feather":11,"minecraft:iron_helmet":2,"minecraft:cobblestone":195,"minecraft:book":1,"minecraft:waxed_copper_grate":6,"minecraft:apple":13,"minecraft:golden_apple":5,"minecraft:oxeye_daisy":1,"minecraft:jungle_slab":2,"minecraft:wooden_axe":2,"minecraft:cooked_salmon":27,"minecraft:smooth_sandstone":16,"minecraft:string":112,"minecraft:gray_carpet":25,"minecraft:furnace":1,"minecraft:moss_carpet":2,"minecraft:soul_soil":33,"minecraft:stone_sword":6,"minecraft:iron_boots":3,"minecraft:name_tag":3,"minecraft:nether_bricks":17,"minecraft:diamond_sword":3,"minecraft:big_dripleaf":1,"minecraft:hay_block":42,"minecraft:allium":1,"minecraft:waxed_cut_copper":6,"minecraft:peony":1,"minecraft:spruce_planks":7,"minecraft:diamond_pickaxe":1,"minecraft:stone_pressure_plate":2,"minecraft:spider_eye":10,"minecraft:stone_bricks":12,"minecraft:sandstone":39,"minecraft:bow":6,"minecraft:red_sand":3,"minecraft:nether_brick_stairs":1,"minecraft:soul_sand":23,"minecraft:moss_block":4,"minecraft:baked_potato":137,"minecraft:ender_pearl":4,"minecraft:decorated_pot":5,"minecraft:leather":7,"minecraft:jungle_planks":2,"minecraft:iron_horse_armor":1,"minecraft:flint":2,"minecraft:cherry_trapdoor":4,"minecraft:mutton":1,"minecraft:cut_sandstone":33,"minecraft:gold_ingot":27,"minecraft:gravel":14,"minecraft:pointed_dripstone":10,"minecraft:beetroot":1,"minecraft:diamond_shovel":2,"minecraft:carrot":1,"minecraft:poppy":1,"minecraft:rabbit_hide":1,"minecraft:gunpowder":4,"minecraft:birch_trapdoor":1,"minecraft:oak_wood":4,"minecraft:azalea":3,"minecraft:arrow":28,"minecraft:quartz":2,"minecraft:netherrack":112,"minecraft:firework_rocket":37,"minecraft:water_bucket":3,"minecraft:bread":88,"minecraft:poisonous_potato":5,"minecraft:golden_axe":1,"minecraft:polished_tuff":3,"minecraft:tropical_fish":3,"minecraft:spruce_stairs":1,"minecraft:grass_block":1,"minecraft:stick":25,"minecraft:smooth_red_sandstone":14,"minecraft:diorite":1,"minecraft:brown_wool":1,"minecraft:waxed_copper_bulb":1,"minecraft:iron_door":1,"minecraft:iron_leggings":7,"minecraft:jungle_leaves":1,"minecraft:iron_axe":1,"minecraft:cactus":3,"minecraft:pink_petals":4,"minecraft:bucket":5,"minecraft:chiseled_sandstone":4,"minecraft:redstone":19,"minecraft:polished_deepslate":1,"minecraft:kelp":1,"minecraft:tuff_bricks":2,"minecraft:coarse_dirt":1,"minecraft:raw_copper":3,"minecraft:tuff":3,"minecraft:filled_map":3,"minecraft:shield":5,"minecraft:orange_terracotta":29,"minecraft:iron_chestplate":4,"minecraft:andesite":19,"minecraft:cake":1,"minecraft:mossy_stone_bricks":6,"minecraft:golden_leggings":1,"minecraft:waxed_chiseled_copper":1,"minecraft:stone_pickaxe":3,"minecraft:wooden_pickaxe":5,"minecraft:brick":74},"minecraft:broken":{"minecraft:iron_boots":1,"minecraft:iron_sword":1,"minecraft:wooden_pickaxe":3,"minecraft:shield":5,"minecraft:iron_axe":1,"minecraft:iron_pickaxe":1,"minecraft:iron_helmet":5,"minecraft:stone_pickaxe":1},"minecraft:crafted":{"minecraft:cooked_mutton":7,"minecraft:diamond_helmet":1,"minecraft:diamond_leggings":2,"minecraft:cooked_porkchop":8,"minecraft:iron_pickaxe":5,"minecraft:gold_ingot":21,"minecraft:bone_meal":237,"minecraft:dark_oak_fence":3,"minecraft:stone_pickaxe":4,"minecraft:diamond_boots":3,"minecraft:dark_oak_planks":508,"minecraft:wheat":945,"minecraft:crimson_stairs":40,"minecraft:iron_leggings":6,"minecraft:white_bed":2,"minecraft:oak_planks":128,"minecraft:dark_oak_boat":1,"minecraft:cooked_chicken":3,"minecraft:iron_boots":5,"minecraft:chest":4,"minecraft:stone_hoe":1,"minecraft:golden_boots":1,"minecraft:smoker":1,"minecraft:cauldron":4,"minecraft:crafting_table":26,"minecraft:spruce_planks":8,"minecraft:iron_helmet":6,"minecraft:baked_potato":59,"minecraft:wooden_pickaxe":8,"minecraft:birch_planks":24,"minecraft:shield":8,"minecraft:iron_chestplate":3,"minecraft:paper":198,"minecraft:charcoal":4,"minecraft:diamond_pickaxe":1,"minecraft:stick":84,"minecraft:iron_ingot":190,"minecraft:stone_sword":3,"minecraft:shears":1,"minecraft:furnace":4,"minecraft:iron_axe":4,"minecraft:iron_hoe":1,"minecraft:cooked_beef":14,"minecraft:crimson_planks":84,"minecraft:jungle_wood":9,"minecraft:iron_sword":6,"minecraft:cooked_salmon":84,"minecraft:bucket":8,"minecraft:stone_axe":3,"minecraft:bread":348,"minecraft:jungle_planks":124,"minecraft:oak_boat":6,"minecraft:acacia_planks":24,"minecraft:torch":16,"minecraft:diamond_chestplate":2,"minecraft:firework_rocket":270}},"DataVersion":3955}