{"stats":{"minecraft:dropped":{"minecraft:clay":4,"minecraft:iron_sword":37,"minecraft:piston":1,"minecraft:porkchop":4,"minecraft:ominous_bottle":1,"minecraft:lapis_lazuli":1,"minecraft:glow_ink_sac":7,"minecraft:chorus_fruit":30,"minecraft:glass_bottle":6,"minecraft:diamond":54,"minecraft:crafting_table":17,"minecraft:crossbow":3,"minecraft:dark_oak_slab":16,"minecraft:glow_berries":60,"minecraft:warped_roots":2,"minecraft:rooted_dirt":38,"minecraft:cracked_stone_bricks":2,"minecraft:saddle":9,"minecraft:elytra":5,"minecraft:rail":4,"minecraft:red_mushroom":6,"minecraft:emerald":126,"minecraft:dirt":72,"minecraft:red_bed":1,"minecraft:stone_button":12,"minecraft:dark_oak_fence":17,"minecraft:scrape_pottery_sherd":2,"minecraft:wooden_sword":2,"minecraft:gold_nugget":23,"minecraft:bone_meal":320,"minecraft:bone_block":2,"minecraft:sand":55,"minecraft:bolt_armor_trim_smithing_template":2,"minecraft:iron_pickaxe":23,"minecraft:smooth_red_sandstone_slab":48,"minecraft:dark_oak_planks":63,"minecraft:white_wool":1,"minecraft:birch_stairs":3,"minecraft:bone":129,"minecraft:waxed_cut_copper_slab":1,"minecraft:stone_axe":5,"minecraft:emerald_block":2,"minecraft:sugar_cane":2,"minecraft:iron_nugget":2,"minecraft:golden_chestplate":1,"minecraft:cobbled_deepslate":769,"minecraft:nether_brick":6,"minecraft:wheat":12,"minecraft:obsidian":5,"minecraft:rotten_flesh":145,"minecraft:oak_planks":47,"minecraft:nether_brick_fence":4,"minecraft:azure_bluet":2,"minecraft:waxed_copper_block":7,"minecraft:lime_bed":1,"minecraft:tipped_arrow":8,"minecraft:jungle_log":160,"minecraft:leather_leggings":5,"minecraft:chiseled_tuff":4,"minecraft:end_stone_bricks":2,"minecraft:beef":6,"minecraft:stone_brick_stairs":4,"minecraft:egg":2,"minecraft:iron_ingot":318,"minecraft:enchanted_book":10,"minecraft:golden_boots":8,"minecraft:wheat_seeds":320,"minecraft:tnt":33,"minecraft:golden_horse_armor":2,"minecraft:dripstone_block":8,"minecraft:cobblestone":650,"minecraft:iron_helmet":14,"minecraft:feather":2,"minecraft:dark_prismarine_slab":1,"minecraft:waxed_copper_grate":8,"minecraft:apple":39,"minecraft:chainmail_helmet":1,"minecraft:coal":55,"minecraft:golden_apple":4,"minecraft:lava_bucket":3,"minecraft:diamond_horse_armor":1,"minecraft:wooden_hoe":1,"minecraft:gray_bed":1,"minecraft:wooden_axe":5,"minecraft:rabbit":2,"minecraft:cherry_planks":18,"minecraft:cooked_salmon":96,"minecraft:diamond_helmet":1,"minecraft:potion":4,"minecraft:dried_kelp":7,"minecraft:pumpkin":2,"minecraft:smooth_sandstone_slab":1,"minecraft:mud":7,"minecraft:smooth_stone":2,"minecraft:chainmail_leggings":1,"minecraft:string":98,"minecraft:smooth_sandstone":42,"minecraft:lily_pad":6,"minecraft:acacia_planks":1,"minecraft:spruce_sapling":6,"minecraft:bamboo_planks":6,"minecraft:moss_carpet":41,"minecraft:soul_soil":12,"minecraft:player_head":1,"minecraft:netherite_ingot":2,"minecraft:stone_sword":4,"minecraft:cocoa_beans":6,"minecraft:smooth_stone_slab":6,"minecraft:experience_bottle":3,"minecraft:stone_shovel":1,"minecraft:chicken":2,"minecraft:clay_ball":317,"minecraft:iron_boots":15,"minecraft:name_tag":2,"minecraft:light_gray_concrete":11,"minecraft:nether_bricks":38,"minecraft:polished_deepslate_stairs":1,"minecraft:shears":5,"minecraft:diamond_sword":4,"minecraft:big_dripleaf":9,"minecraft:hay_block":113,"minecraft:shroomlight":1,"minecraft:peony":3,"minecraft:waxed_cut_copper":2,"minecraft:spruce_trapdoor":1,"minecraft:spruce_planks":65,"minecraft:diamond_pickaxe":10,"minecraft:wooden_shovel":1,"minecraft:bamboo":36,"minecraft:spider_eye":52,"minecraft:stone_bricks":8,"minecraft:bow":19,"minecraft:red_sand":44,"minecraft:magma_block":2,"minecraft:dark_prismarine":12,"minecraft:guster_pottery_sherd":1,"minecraft:moss_block":49,"minecraft:dark_oak_stairs":4,"minecraft:oak_log":1,"minecraft:baked_potato":683,"minecraft:ender_pearl":1,"minecraft:decorated_pot":14,"minecraft:lantern":1,"minecraft:leather":9,"minecraft:jungle_planks":29,"minecraft:iron_horse_armor":1,"minecraft:flint":8,"minecraft:dark_oak_log":2,"minecraft:cherry_trapdoor":4,"minecraft:polished_blackstone_brick_stairs":1,"minecraft:mutton":1,"minecraft:crimson_roots":2,"minecraft:cut_sandstone":2,"minecraft:amethyst_shard":48,"minecraft:axolotl_bucket":1,"minecraft:gold_ingot":23,"minecraft:armor_stand":6,"minecraft:gravel":19,"minecraft:white_tulip":1,"minecraft:purpur_block":8,"minecraft:blackstone":6,"minecraft:spyglass":1,"minecraft:chiseled_tuff_bricks":3,"minecraft:soul_lantern":1,"minecraft:pointed_dripstone":8,"minecraft:beetroot":3,"minecraft:diamond_shovel":5,"minecraft:beehive":1,"minecraft:cooked_mutton":1,"minecraft:carrot":4,"minecraft:poppy":10,"minecraft:rabbit_hide":4,"minecraft:leather_chestplate":5,"minecraft:gunpowder":61,"minecraft:dune_armor_trim_smithing_template":8,"minecraft:oak_wood":1,"minecraft:melon_seeds":2,"minecraft:chainmail_boots":4,"minecraft:azalea":15,"minecraft:chest":3,"minecraft:blackstone_slab":1,"minecraft:basalt":5,"minecraft:arrow":33,"minecraft:white_concrete_powder":6,"minecraft:quartz":22,"minecraft:polished_granite":3,"minecraft:netherrack":604,"minecraft:bread":168,"minecraft:firework_rocket":448,"minecraft:water_bucket":8,"minecraft:purple_terracotta":1,"minecraft:diamond_leggings":3,"minecraft:poisonous_potato":11,"minecraft:golden_axe":2,"minecraft:lead":1,"minecraft:spectral_arrow":1,"minecraft:jungle_wood":5,"minecraft:polished_tuff":1,"minecraft:amethyst_block":1,"minecraft:copper_ingot":10,"minecraft:dead_horn_coral_block":1,"minecraft:tropical_fish":11,"minecraft:acacia_log":2,"minecraft:grass_block":2,"minecraft:stick":108,"minecraft:black_candle":12,"minecraft:smooth_red_sandstone":23,"minecraft:melon_slice":1,"minecraft:jungle_door":2,"minecraft:fire_charge":1,"minecraft:iron_leggings":11,"minecraft:jungle_leaves":1,"minecraft:wither_rose":2,"minecraft:flowering_azalea":9,"minecraft:iron_axe":12,"minecraft:cactus":64,"minecraft:pink_petals":23,"minecraft:tripwire_hook":4,"minecraft:bucket":6,"minecraft:chiseled_sandstone":2,"minecraft:smooth_basalt":2,"minecraft:redstone":11,"minecraft:polished_deepslate":6,"minecraft:tuff_bricks":21,"minecraft:flow_pottery_sherd":1,"minecraft:ender_chest":3,"minecraft:coarse_dirt":4,"minecraft:chiseled_quartz_block":3,"minecraft:raw_copper":35,"minecraft:tuff":215,"minecraft:raw_iron":2,"minecraft:light_gray_wool":1,"minecraft:iron_hoe":1,"minecraft:ender_eye":1,"minecraft:stripped_acacia_wood":4,"minecraft:shulker_box":6,"minecraft:flint_and_steel":3,"minecraft:shield":22,"minecraft:trial_key":2,"minecraft:diamond_chestplate":5,"minecraft:iron_chestplate":16,"minecraft:quartz_stairs":4,"minecraft:mossy_stone_bricks":2,"minecraft:golden_leggings":3,"minecraft:oak_boat":1,"minecraft:waxed_oxidized_cut_copper":3,"minecraft:diamond_boots":2,"minecraft:stone_pickaxe":2,"minecraft:wooden_pickaxe":4,"minecraft:raw_gold":13,"minecraft:dead_brain_coral_block":2,"minecraft:calcite":7,"minecraft:brick":208},"minecraft:killed":{"minecraft:cave_spider":17,"minecraft:shulker":5,"minecraft:skeleton":170,"minecraft:chicken":3,"minecraft:tropical_fish":2,"minecraft:parrot":2,"minecraft:salmon":172,"minecraft:pillager":10,"minecraft:zombie":183,"minecraft:cow":14,"minecraft:vindicator":19,"minecraft:husk":72,"minecraft:rabbit":1,"minecraft:breeze":2,"minecraft:enderman":47,"minecraft:witch":1,"minecraft:zombified_piglin":1,"minecraft:spider":28,"minecraft:piglin":3,"minecraft:pig":10,"minecraft:zombie_villager":6,"minecraft:creeper":11,"minecraft:sheep":2,"minecraft:trader_llama":3,"minecraft:stray":4,"minecraft:blaze":25,"minecraft:slime":14,"minecraft:phantom":7,"minecraft:panda":1,"minecraft:drowned":16,"minecraft:bat":1,"minecraft:hoglin":2,"minecraft:wither_skeleton":37,"minecraft:player":3},"minecraft:used":{"minecraft:beetroot":5,"minecraft:moss_block":9,"minecraft:tuff_bricks":10,"minecraft:nether_brick_fence":1,"minecraft:elytra":11,"minecraft:spruce_slab":1,"minecraft:chest":28,"minecraft:stone":1,"minecraft:rotten_flesh":247,"minecraft:stripped_spruce_log":11,"minecraft:lava_bucket":108,"minecraft:grass_block":1,"minecraft:dark_oak_slab":5,"minecraft:bow":250,"minecraft:dark_oak_boat":6,"minecraft:ominous_bottle":1,"minecraft:furnace":19,"minecraft:potato":592,"minecraft:leather_leggings":1,"minecraft:chorus_fruit":100,"minecraft:blackstone":6,"minecraft:wooden_pickaxe":115,"minecraft:composter":1,"minecraft:golden_apple":13,"minecraft:glow_berries":135,"minecraft:dark_oak_trapdoor":3,"minecraft:sand":361,"minecraft:blast_furnace":4,"minecraft:smooth_red_sandstone":7,"minecraft:stone_button":2,"minecraft:lectern":2,"minecraft:diamond_sword":2355,"minecraft:coal_block":6,"minecraft:wooden_sword":19,"minecraft:smithing_table":1,"minecraft:oak_boat":5,"minecraft:stone_sword":194,"minecraft:cooked_salmon":112,"minecraft:trial_key":6,"minecraft:netherrack":1487,"minecraft:torch":202,"minecraft:chainmail_chestplate":2,"minecraft:nether_brick_slab":1,"minecraft:jungle_trapdoor":3,"minecraft:shroomlight":21,"minecraft:rooted_dirt":67,"minecraft:iron_axe":636,"minecraft:jungle_log":23,"minecraft:smooth_quartz":11,"minecraft:diamond_chestplate":13,"minecraft:basalt":66,"minecraft:cobbled_deepslate":1054,"minecraft:acacia_planks":1,"minecraft:cherry_log":3,"minecraft:golden_axe":8,"minecraft:wheat_seeds":4,"minecraft:water_bucket":472,"minecraft:birch_planks":2,"minecraft:cherry_planks":6,"minecraft:cauldron":7,"minecraft:polished_blackstone_bricks":97,"minecraft:gilded_blackstone":5,"minecraft:salmon":4,"minecraft:mossy_cobblestone":3,"minecraft:tnt":31,"minecraft:crafting_table":41,"minecraft:red_bed":2,"minecraft:white_bed":5,"minecraft:campfire":1,"minecraft:cake":1,"minecraft:oak_log":5,"minecraft:mud":5,"minecraft:dark_prismarine":45,"minecraft:diamond_pickaxe":5785,"minecraft:diamond_shovel":179,"minecraft:iron_pickaxe":4527,"minecraft:leather_helmet":1,"minecraft:spruce_trapdoor":1,"minecraft:cobblestone":268,"minecraft:potion":9,"minecraft:porkchop":4,"minecraft:cooked_porkchop":17,"minecraft:diamond_leggings":2,"minecraft:red_sand":129,"minecraft:iron_shovel":157,"minecraft:decorated_pot":4,"minecraft:shield":612,"minecraft:iron_sword":1734,"minecraft:player_head":2,"minecraft:iron_chestplate":6,"minecraft:jungle_planks":36,"minecraft:nether_bricks":25,"minecraft:carrot":6,"minecraft:obsidian":52,"minecraft:big_dripleaf":6,"minecraft:cyan_terracotta":44,"minecraft:mangrove_log":9,"minecraft:lantern":3,"minecraft:packed_mud":3,"minecraft:iron_helmet":6,"minecraft:magma_block":1,"minecraft:skeleton_skull":3,"minecraft:golden_boots":1,"minecraft:end_rod":1,"minecraft:stone_pickaxe":601,"minecraft:oak_planks":64,"minecraft:ender_pearl":22,"minecraft:diamond_axe":24,"minecraft:white_wool":1,"minecraft:yellow_terracotta":3,"minecraft:crossbow":1,"minecraft:ochre_froglight":1,"minecraft:end_stone":302,"minecraft:firework_rocket":21,"minecraft:melon_slice":69,"minecraft:light_gray_concrete":5,"minecraft:string":3,"minecraft:bread":374,"minecraft:cyan_bed":6,"minecraft:gravel":1,"minecraft:smooth_red_sandstone_slab":55,"minecraft:chainmail_boots":1,"minecraft:coarse_dirt":7,"minecraft:bone_meal":1380,"minecraft:jungle_leaves":8,"minecraft:flint_and_steel":70,"minecraft:stone_shovel":187,"minecraft:spruce_planks":41,"minecraft:ender_chest":5,"minecraft:cooked_chicken":5,"minecraft:dirt":196,"minecraft:spyglass":13,"minecraft:spruce_stairs":1,"minecraft:diamond_helmet":1,"minecraft:shulker_box":45,"minecraft:dark_oak_planks":30,"minecraft:wooden_axe":220,"minecraft:bookshelf":8,"minecraft:smooth_sandstone":223,"minecraft:iron_boots":6,"minecraft:crimson_planks":4,"minecraft:light_gray_wool":1,"minecraft:golden_carrot":42,"minecraft:soul_soil":11,"minecraft:netherite_pickaxe":45,"minecraft:cooked_beef":8,"minecraft:brown_bed":7,"minecraft:enchanted_golden_apple":1,"minecraft:iron_leggings":3,"minecraft:cooked_mutton":5,"minecraft:glass_bottle":6,"minecraft:polished_andesite":23,"minecraft:baked_potato":283,"minecraft:cut_sandstone":6,"minecraft:green_bed":6,"minecraft:waxed_copper_block":5,"minecraft:jungle_wood":7,"minecraft:lime_bed":3,"minecraft:dark_prismarine_slab":1,"minecraft:red_mushroom":1,"minecraft:smooth_red_sandstone_stairs":32,"minecraft:dark_oak_door":1,"minecraft:smoker":16,"minecraft:wooden_hoe":7,"minecraft:cracked_polished_blackstone_bricks":15,"minecraft:pink_petals":4,"minecraft:jungle_door":5,"minecraft:bucket":603,"minecraft:yellow_bed":2,"minecraft:birch_stairs":2},"minecraft:picked_up":{"minecraft:iron_chestplate":46,"minecraft:chainmail_boots":10,"minecraft:flower_pot":1,"minecraft:lead":10,"minecraft:diamond_sword":36,"minecraft:brown_bed":10,"minecraft:wither_rose":8,"minecraft:enchanted_book":41,"minecraft:golden_shovel":1,"minecraft:brewing_stand":3,"minecraft:golden_sword":1,"minecraft:amethyst_block":1,"minecraft:polished_deepslate":6,"minecraft:polished_blackstone_brick_stairs":1,"minecraft:string":251,"minecraft:dark_oak_trapdoor":1,"minecraft:soul_soil":54,"minecraft:cooked_salmon":282,"minecraft:shroomlight":99,"minecraft:beetroot":4,"minecraft:diamond_leggings":9,"minecraft:gold_nugget":45,"minecraft:cobbled_deepslate":3387,"minecraft:spruce_planks":136,"minecraft:trial_key":51,"minecraft:netherite_upgrade_smithing_template":1,"minecraft:melon_slice":70,"minecraft:coal_block":18,"minecraft:mangrove_log":31,"minecraft:dark_oak_door":4,"minecraft:beehive":1,"minecraft:composter":1,"minecraft:big_dripleaf":17,"minecraft:green_bed":6,"minecraft:acacia_log":3,"minecraft:sandstone_wall":2,"minecraft:golden_axe":6,"minecraft:lightning_rod":8,"minecraft:cherry_log":21,"minecraft:waxed_copper_grate":9,"minecraft:golden_chestplate":3,"minecraft:cauldron":7,"minecraft:stone_sword":12,"minecraft:tropical_fish":12,"minecraft:blackstone_wall":2,"minecraft:cyan_terracotta":192,"minecraft:end_rod":1,"minecraft:waxed_cut_copper":2,"minecraft:blaze_rod":9,"minecraft:magma_block":3,"minecraft:dune_armor_trim_smithing_template":36,"minecraft:feather":5,"minecraft:cooked_beef":8,"minecraft:iron_door":1,"minecraft:water_bucket":53,"minecraft:jungle_log":641,"minecraft:dark_oak_boat":3,"minecraft:jungle_wood":126,"minecraft:smoker":27,"minecraft:flint":73,"minecraft:gray_concrete":40,"minecraft:lantern":8,"minecraft:rabbit":6,"minecraft:diamond_helmet":19,"minecraft:glowstone_dust":1,"minecraft:moss_block":73,"minecraft:warped_wart_block":7,"minecraft:stripped_acacia_wood":32,"minecraft:stripped_spruce_log":41,"minecraft:dark_oak_log":15,"minecraft:iron_hoe":1,"minecraft:polished_andesite":44,"minecraft:blue_terracotta":1,"minecraft:dead_brain_coral_block":9,"minecraft:chainmail_helmet":1,"minecraft:golden_horse_armor":6,"minecraft:bread":1134,"minecraft:rooted_dirt":109,"minecraft:dark_oak_fence":28,"minecraft:crimson_roots":2,"minecraft:diamond_pickaxe":29,"minecraft:mud":14,"minecraft:crafting_table":48,"minecraft:coarse_dirt":23,"minecraft:ominous_bottle":6,"minecraft:nether_wart":7,"minecraft:clay_ball":380,"minecraft:leather_leggings":7,"minecraft:purpur_block":10,"minecraft:dead_horn_coral_block":4,"minecraft:wind_charge":44,"minecraft:jungle_trapdoor":1,"minecraft:red_bed":3,"minecraft:elytra":13,"minecraft:flint_and_steel":38,"minecraft:netherite_scrap":1,"minecraft:cracked_stone_bricks":2,"minecraft:beef":36,"minecraft:chiseled_tuff":8,"minecraft:jungle_sapling":12,"minecraft:iron_nugget":119,"minecraft:poppy":15,"minecraft:spruce_slab":18,"minecraft:guster_pottery_sherd":1,"minecraft:quartz_stairs":4,"minecraft:chest":14,"minecraft:piston":1,"minecraft:egg":3,"minecraft:sandstone":1,"minecraft:spruce_fence":6,"minecraft:fire_charge":5,"minecraft:flow_pottery_sherd":1,"minecraft:cake":1,"minecraft:carrot":59,"minecraft:redstone":38,"minecraft:tnt":168,"minecraft:stone_shovel":4,"minecraft:diamond_chestplate":26,"minecraft:decorated_pot":30,"minecraft:peony":3,"minecraft:shears":5,"minecraft:diamond_boots":6,"minecraft:hay_block":408,"minecraft:yellow_terracotta":3,"minecraft:gold_ingot":94,"minecraft:tuff_bricks":42,"minecraft:glow_berries":197,"minecraft:mutton":2,"minecraft:white_wool":4,"minecraft:bone_block":208,"minecraft:rail":12,"minecraft:smooth_red_sandstone_stairs":20,"minecraft:lime_bed":8,"minecraft:smooth_red_sandstone":102,"minecraft:tripwire_hook":6,"minecraft:blackstone_slab":2,"minecraft:red_mushroom":25,"minecraft:acacia_wood":13,"minecraft:ochre_froglight":1,"minecraft:packed_mud":67,"minecraft:oak_log":48,"minecraft:lily_pad":6,"minecraft:golden_boots":11,"minecraft:blue_bed":1,"minecraft:white_banner":4,"minecraft:apple":89,"minecraft:stone_bricks":8,"minecraft:stone_pickaxe":3,"minecraft:glass_bottle":3,"minecraft:gray_bed":1,"minecraft:iron_sword":105,"minecraft:flowering_azalea":14,"minecraft:dark_oak_stairs":4,"minecraft:smooth_basalt":4,"minecraft:dark_oak_slab":32,"minecraft:red_wool":8,"minecraft:spyglass":8,"minecraft:gravel":71,"minecraft:crimson_stairs":19,"minecraft:birch_stairs":13,"minecraft:spruce_sapling":6,"minecraft:spruce_log":42,"minecraft:crying_obsidian":2,"minecraft:polished_tuff":2,"minecraft:leather_helmet":3,"minecraft:oak_wood":47,"minecraft:firework_rocket":1154,"minecraft:diamond_shovel":21,"minecraft:slime_ball":31,"minecraft:stone_axe":5,"minecraft:diamond_axe":1,"minecraft:birch_sign":7,"minecraft:gray_wool":1,"minecraft:warped_roots":3,"minecraft:baked_potato":2588,"minecraft:melon_seeds":2,"minecraft:ender_pearl":54,"minecraft:shulker_shell":2,"minecraft:wheat":49,"minecraft:ender_chest":12,"minecraft:nether_brick_fence":5,"minecraft:potion":40,"minecraft:gilded_blackstone":10,"minecraft:nether_brick":6,"minecraft:stone_brick_stairs":4,"minecraft:crimson_planks":29,"minecraft:dead_tube_coral_block":3,"minecraft:waxed_cut_copper_slab":1,"minecraft:raw_copper":53,"minecraft:smooth_stone_slab":10,"minecraft:iron_leggings":53,"minecraft:armor_stand":6,"minecraft:sticky_piston":22,"minecraft:netherite_ingot":4,"minecraft:experience_bottle":6,"minecraft:smooth_red_sandstone_slab":71,"minecraft:red_sand":264,"minecraft:bucket":32,"minecraft:white_tulip":1,"minecraft:redstone_torch":6,"minecraft:ender_eye":14,"minecraft:calcite":11,"minecraft:azalea":21,"minecraft:wooden_shovel":1,"minecraft:smooth_quartz":119,"minecraft:iron_pickaxe":86,"minecraft:iron_boots":56,"minecraft:furnace":31,"minecraft:tipped_arrow":23,"minecraft:stick":172,"minecraft:jungle_door":2,"minecraft:polished_deepslate_stairs":1,"minecraft:torch":159,"minecraft:spruce_stairs":2,"minecraft:porkchop":73,"minecraft:dried_kelp":7,"minecraft:pointed_dripstone":24,"minecraft:goat_horn":2,"minecraft:cactus":328,"minecraft:rotten_flesh":1707,"minecraft:mangrove_roots":1,"minecraft:obsidian":262,"minecraft:cobblestone":1888,"minecraft:pink_petals":27,"minecraft:leather_chestplate":5,"minecraft:magma_cream":33,"minecraft:repeater":2,"minecraft:cherry_planks":39,"minecraft:andesite":26,"minecraft:golden_leggings":6,"minecraft:chiseled_quartz_block":21,"minecraft:oxidized_copper_bulb":1,"minecraft:potato":2943,"minecraft:tuff":316,"minecraft:smooth_sandstone_stairs":36,"minecraft:lapis_lazuli":74,"minecraft:oxidized_copper_door":1,"minecraft:dirt":281,"minecraft:cut_sandstone_slab":1,"minecraft:polished_granite":3,"minecraft:name_tag":10,"minecraft:leather_boots":2,"minecraft:bone":1015,"minecraft:acacia_planks":30,"minecraft:bow":68,"minecraft:wheat_seeds":438,"minecraft:raw_gold":22,"minecraft:bolt_armor_trim_smithing_template":4,"minecraft:mossy_stone_bricks":2,"minecraft:bamboo":252,"minecraft:oak_planks":357,"minecraft:scrape_pottery_sherd":2,"minecraft:cooked_porkchop":19,"minecraft:axolotl_bucket":1,"minecraft:poisonous_potato":16,"minecraft:sand":1145,"minecraft:jungle_planks":182,"minecraft:nether_brick_stairs":1,"minecraft:grass_block":5,"minecraft:cyan_bed":7,"minecraft:chiseled_sandstone":2,"minecraft:shulker_box":55,"minecraft:mossy_cobblestone":3,"minecraft:dark_prismarine":112,"minecraft:jungle_leaves":4,"minecraft:light_gray_concrete":42,"minecraft:dark_prismarine_slab":2,"minecraft:clay":4,"minecraft:diamond":305,"minecraft:soul_lantern":3,"minecraft:cracked_polished_blackstone_bricks":15,"minecraft:crossbow":9,"minecraft:breeze_rod":12,"minecraft:bone_meal":1437,"minecraft:golden_apple":36,"minecraft:emerald":396,"minecraft:netherrack":3191,"minecraft:chorus_fruit":287,"minecraft:end_stone_bricks":10,"minecraft:fishing_rod":1,"minecraft:cocoa_beans":6,"minecraft:charcoal":58,"minecraft:waxed_oxidized_cut_copper":3,"minecraft:azure_bluet":2,"minecraft:chicken":6,"minecraft:ladder":1,"minecraft:brown_mushroom":1,"minecraft:wooden_pickaxe":6,"minecraft:gold_block":9,"minecraft:diamond_horse_armor":3,"minecraft:brick":235,"minecraft:shield":90,"minecraft:moss_carpet":64,"minecraft:iron_axe":44,"minecraft:wooden_sword":1,"minecraft:blackstone":23,"minecraft:oak_boat":12,"minecraft:player_head":47,"minecraft:observer":6,"minecraft:light_gray_wool":20,"minecraft:lectern":2,"minecraft:sugar_cane":10,"minecraft:cherry_trapdoor":6,"minecraft:phantom_membrane":11,"minecraft:dark_oak_sapling":2,"minecraft:raw_iron":363,"minecraft:end_stone":302,"minecraft:copper_ingot":12,"minecraft:polished_blackstone_bricks":114,"minecraft:stone_button":42,"minecraft:iron_horse_armor":7,"minecraft:purple_terracotta":1,"minecraft:dark_oak_planks":433,"minecraft:smooth_sandstone_slab":1,"minecraft:arrow":1233,"minecraft:nether_bricks":101,"minecraft:saddle":12,"minecraft:black_banner":2,"minecraft:skeleton_skull":13,"minecraft:basalt":117,"minecraft:golden_carrot":248,"minecraft:glow_ink_sac":7,"minecraft:salmon":193,"minecraft:cut_sandstone":8,"minecraft:leather":28,"minecraft:birch_planks":48,"minecraft:chainmail_chestplate":6,"minecraft:waxed_copper_block":16,"minecraft:yellow_bed":2,"minecraft:gunpowder":264,"minecraft:orange_terracotta":1,"minecraft:cooked_mutton":2,"minecraft:smooth_sandstone":669,"minecraft:rabbit_hide":5,"minecraft:spruce_wood":18,"minecraft:iron_ingot":731,"minecraft:cooked_chicken":6,"minecraft:soul_sand":34,"minecraft:book":78,"minecraft:black_candle":36,"minecraft:emerald_block":2,"minecraft:bamboo_planks":12,"minecraft:pumpkin":2,"minecraft:quartz":25,"minecraft:dripstone_block":16,"minecraft:lava_bucket":15,"minecraft:amethyst_shard":127,"minecraft:blast_furnace":36,"minecraft:white_bed":6,"minecraft:nether_brick_slab":1,"minecraft:green_carpet":1,"minecraft:spider_eye":79,"minecraft:pumpkin_seeds":1,"minecraft:white_concrete_powder":6,"minecraft:campfire":3,"minecraft:chainmail_leggings":1,"minecraft:dead_bubble_coral_block":4,"minecraft:iron_helmet":51,"minecraft:netherite_hoe":4,"minecraft:dark_oak_wood":36,"minecraft:end_stone_brick_slab":3,"minecraft:coal":688,"minecraft:chiseled_tuff_bricks":5,"minecraft:wooden_axe":5},"minecraft:broken":{"minecraft:diamond_helmet":1,"minecraft:iron_boots":3,"minecraft:iron_chestplate":1,"minecraft:iron_leggings":1,"minecraft:iron_sword":2,"minecraft:bow":1,"minecraft:stone_sword":1,"minecraft:shield":8,"minecraft:iron_pickaxe":8,"minecraft:iron_helmet":2,"minecraft:stone_pickaxe":3,"minecraft:wooden_axe":3,"minecraft:stone_shovel":1,"minecraft:diamond_chestplate":1},"minecraft:crafted":{"minecraft:ender_chest":6,"minecraft:smooth_stone":11,"minecraft:blaze_powder":10,"minecraft:bookshelf":8,"minecraft:cooked_mutton":3,"minecraft:shulker_box":1,"minecraft:glass":3,"minecraft:diamond_helmet":3,"minecraft:diamond_leggings":3,"minecraft:glass_bottle":3,"minecraft:golden_axe":1,"minecraft:wooden_shovel":2,"minecraft:cooked_porkchop":25,"minecraft:diamond_axe":1,"minecraft:smooth_red_sandstone_stairs":12,"minecraft:smithing_table":1,"minecraft:copper_ingot":9,"minecraft:campfire":1,"minecraft:wooden_hoe":1,"minecraft:iron_pickaxe":17,"minecraft:gold_ingot":28,"minecraft:stone_shovel":3,"minecraft:smooth_stone_slab":6,"minecraft:spyglass":1,"minecraft:smooth_red_sandstone_slab":66,"minecraft:bone_meal":2403,"minecraft:cherry_trapdoor":2,"minecraft:stone_pickaxe":7,"minecraft:diamond_boots":1,"minecraft:dark_oak_planks":168,"minecraft:wheat":1132,"minecraft:golden_apple":3,"minecraft:wooden_axe":7,"minecraft:iron_leggings":7,"minecraft:oak_planks":232,"minecraft:dark_oak_boat":5,"minecraft:cooked_chicken":1,"minecraft:stone":20,"minecraft:dark_oak_door":3,"minecraft:bow":2,"minecraft:iron_boots":7,"minecraft:chest":20,"minecraft:ender_eye":7,"minecraft:golden_sword":1,"minecraft:golden_boots":1,"minecraft:smoker":8,"minecraft:arrow":48,"minecraft:cauldron":3,"minecraft:crafting_table":32,"minecraft:spruce_planks":272,"minecraft:iron_helmet":7,"minecraft:baked_potato":1154,"minecraft:wooden_pickaxe":8,"minecraft:spruce_trapdoor":2,"minecraft:iron_chestplate":5,"minecraft:charcoal":14,"minecraft:diamond_pickaxe":8,"minecraft:shield":29,"minecraft:stick":244,"minecraft:iron_ingot":380,"minecraft:stone_sword":4,"minecraft:cherry_planks":72,"minecraft:wooden_sword":1,"minecraft:furnace":24,"minecraft:blast_furnace":2,"minecraft:dark_oak_trapdoor":2,"minecraft:jungle_trapdoor":2,"minecraft:iron_axe":4,"minecraft:cooked_beef":3,"minecraft:bone_block":64,"minecraft:diamond_sword":4,"minecraft:jungle_wood":3,"minecraft:iron_sword":4,"minecraft:cooked_salmon":121,"minecraft:bucket":10,"minecraft:bread":384,"minecraft:jungle_planks":472,"minecraft:oak_boat":1,"minecraft:jungle_door":6,"minecraft:acacia_planks":28,"minecraft:torch":20,"minecraft:diamond_chestplate":4},"minecraft:killed_by":{"minecraft:piglin_brute":1,"minecraft:vindicator":2,"minecraft:zombie":4,"minecraft:husk":9,"minecraft:stray":7,"minecraft:shulker":1,"minecraft:zombified_piglin":2,"minecraft:wither_skeleton":62,"minecraft:creeper":8,"minecraft:drowned":3,"minecraft:piglin":4,"minecraft:cave_spider":1,"minecraft:blaze":2,"minecraft:player":5,"minecraft:spider":2,"minecraft:enderman":2,"minecraft:hoglin":2,"minecraft:skeleton":37,"minecraft:phantom":25},"minecraft:custom":{"minecraft:interact_with_crafting_table":349,"minecraft:open_barrel":228,"minecraft:eat_cake_slice":5,"minecraft:leave_game":47,"minecraft:time_since_death":2789,"minecraft:damage_blocked_by_shield":43289,"minecraft:play_time":2467901,"minecraft:deaths":214,"minecraft:jump":35494,"minecraft:enchant_item":1,"minecraft:interact_with_furnace":352,"minecraft:traded_with_villager":5,"minecraft:sleep_in_bed":45,"minecraft:damage_dealt":154066,"minecraft:interact_with_smoker":196,"minecraft:interact_with_smithing_table":3,"minecraft:inspect_dispenser":9,"minecraft:use_cauldron":2,"minecraft:horse_one_cm":1821309,"minecraft:interact_with_anvil":2,"minecraft:sneak_time":144320,"minecraft:interact_with_blast_furnace":35,"minecraft:total_world_time":2467901,"minecraft:tune_noteblock":24,"minecraft:interact_with_stonecutter":1,"minecraft:time_since_rest":2816,"minecraft:swim_one_cm":1738165,"minecraft:fly_one_cm":4952985,"minecraft:open_chest":709,"minecraft:fall_one_cm":1108873,"minecraft:animals_bred":5,"minecraft:open_shulker_box":192,"minecraft:damage_resisted":86,"minecraft:sprint_one_cm":7202839,"minecraft:drop":2662,"minecraft:talked_to_villager":19,"minecraft:interact_with_brewingstand":11,"minecraft:walk_on_water_one_cm":1117083,"minecraft:open_enderchest":178,"minecraft:player_kills":3,"minecraft:crouch_one_cm":170883,"minecraft:mob_kills":1037,"minecraft:fill_cauldron":3,"minecraft:damage_dealt_resisted":54,"minecraft:climb_one_cm":126382,"minecraft:walk_one_cm":3962759,"minecraft:walk_under_water_one_cm":772159,"minecraft:boat_one_cm":429290,"minecraft:damage_taken":147105,"minecraft:damage_absorbed":440,"minecraft:trigger_trapped_chest":2,"minecraft:aviate_one_cm":1635521},"minecraft:mined":{"minecraft:dark_oak_planks":36,"minecraft:dragon_wall_head":1,"minecraft:white_bed":6,"minecraft:cherry_log":21,"minecraft:jungle_leaves":233,"minecraft:red_nether_bricks":1,"minecraft:obsidian":128,"minecraft:red_sand":137,"minecraft:acacia_log":1,"minecraft:smooth_red_sandstone_stairs":20,"minecraft:jungle_log":168,"minecraft:coal_block":10,"minecraft:chiseled_tuff_bricks":4,"minecraft:nether_wart":3,"minecraft:spawner":20,"minecraft:polished_blackstone_bricks":123,"minecraft:tall_seagrass":5,"minecraft:magma_block":5,"minecraft:dark_oak_trapdoor":2,"minecraft:cobbled_deepslate":62,"minecraft:barrel":1,"minecraft:fire":249,"minecraft:pumpkin":1,"minecraft:deepslate_lapis_ore":7,"minecraft:nether_brick_stairs":1,"minecraft:smooth_red_sandstone":84,"minecraft:cave_vines":164,"minecraft:water_cauldron":2,"minecraft:dirt_path":3,"minecraft:small_amethyst_bud":1,"minecraft:light_gray_concrete":37,"minecraft:stripped_mangrove_wood":2,"minecraft:player_head":12,"minecraft:tripwire":2,"minecraft:jungle_trapdoor":1,"minecraft:cut_sandstone":4,"minecraft:brown_mushroom":1,"minecraft:red_bed":1,"minecraft:smoker":9,"minecraft:soul_fire":52,"minecraft:amethyst_cluster":3,"minecraft:powder_snow":9,"minecraft:torch":29,"minecraft:dark_oak_wood":38,"minecraft:blast_furnace":14,"minecraft:melon":15,"minecraft:dead_bush":7,"minecraft:cyan_bed":8,"minecraft:sugar_cane":3,"minecraft:smooth_sandstone_slab":5,"minecraft:amethyst_block":2,"minecraft:skeleton_skull":5,"minecraft:repeater":1,"minecraft:jungle_wood":123,"minecraft:mud":13,"minecraft:light_gray_stained_glass":4,"minecraft:wheat":6,"minecraft:waxed_copper_block":14,"minecraft:stone_brick_stairs":2,"minecraft:smooth_quartz":54,"minecraft:sandstone_wall":1,"minecraft:mangrove_log":27,"minecraft:piston":1,"minecraft:deepslate":3095,"minecraft:yellow_terracotta":3,"minecraft:dark_prismarine":60,"minecraft:mossy_cobblestone":4,"minecraft:dark_oak_log":7,"minecraft:end_stone":306,"minecraft:shulker_box":50,"minecraft:nether_bricks":71,"minecraft:dark_oak_fence":15,"minecraft:spruce_fence":7,"minecraft:jungle_planks":2,"minecraft:crimson_roots":2,"minecraft:redstone_wire":4,"minecraft:moss_block":27,"minecraft:red_mushroom":2,"minecraft:white_concrete_powder":6,"minecraft:black_stained_glass_pane":7,"minecraft:redstone_ore":1,"minecraft:waxed_oxidized_cut_copper":3,"minecraft:packed_mud":35,"minecraft:waxed_copper_grate":8,"minecraft:red_sandstone":1,"minecraft:acacia_wood":5,"minecraft:suspicious_sand":1,"minecraft:andesite":31,"minecraft:big_dripleaf_stem":2,"minecraft:chiseled_tuff":2,"minecraft:potatoes":447,"minecraft:vine":23,"minecraft:bamboo":1,"minecraft:bone_block":209,"minecraft:gray_concrete":25,"minecraft:soul_sand":14,"minecraft:observer":2,"minecraft:smooth_sandstone":286,"minecraft:short_grass":267,"minecraft:campfire":2,"minecraft:lightning_rod":8,"minecraft:purpur_pillar":3,"minecraft:copper_ore":8,"minecraft:tall_grass":24,"minecraft:smooth_red_sandstone_slab":10,"minecraft:deepslate_gold_ore":11,"minecraft:diorite":1,"minecraft:big_dripleaf":3,"minecraft:warped_wart_block":5,"minecraft:coarse_dirt":21,"minecraft:spruce_log":42,"minecraft:gravel":98,"minecraft:dripstone_block":9,"minecraft:cobweb":51,"minecraft:acacia_planks":5,"minecraft:stone_bricks":10,"minecraft:fern":59,"minecraft:waxed_cut_copper_slab":2,"minecraft:large_amethyst_bud":1,"minecraft:spruce_planks":26,"minecraft:attached_melon_stem":1,"minecraft:orange_stained_glass":1,"minecraft:brewing_stand":1,"minecraft:cave_vines_plant":103,"minecraft:budding_amethyst":1,"minecraft:grass_block":179,"minecraft:dead_tube_coral_block":6,"minecraft:cracked_polished_blackstone_bricks":13,"minecraft:soul_soil":9,"minecraft:tuff_bricks":54,"minecraft:gilded_blackstone":6,"minecraft:iron_ore":60,"minecraft:polished_tuff":1,"minecraft:brown_bed":8,"minecraft:azure_bluet":1,"minecraft:dark_oak_stairs":4,"minecraft:pointed_dripstone":8,"minecraft:azalea_leaves":2,"minecraft:azalea":4,"minecraft:end_stone_bricks":9,"minecraft:spruce_slab":12,"minecraft:green_bed":6,"minecraft:waxed_cut_copper":2,"minecraft:deepslate_redstone_ore":2,"minecraft:jungle_door":2,"minecraft:dead_bubble_coral_block":5,"minecraft:cyan_terracotta":160,"minecraft:blackstone":15,"minecraft:clay":64,"minecraft:purpur_stairs":5,"minecraft:soul_lantern":3,"minecraft:chiseled_quartz_block":14,"minecraft:end_stone_brick_slab":3,"minecraft:calcite":18,"minecraft:chest":12,"minecraft:nether_quartz_ore":12,"minecraft:cobblestone":65,"minecraft:oak_planks":18,"minecraft:wall_torch":35,"minecraft:cauldron":3,"minecraft:deepslate_copper_ore":6,"minecraft:pink_petals":10,"minecraft:seagrass":12,"minecraft:warped_nylium":19,"minecraft:dark_oak_slab":18,"minecraft:purpur_block":16,"minecraft:light_gray_wool":6,"minecraft:tnt":25,"minecraft:smooth_stone_slab":6,"minecraft:oak_log":38,"minecraft:waxed_oxidized_copper":1,"minecraft:dirt":35,"minecraft:sand":486,"minecraft:tripwire_hook":1,"minecraft:netherrack":2214,"minecraft:oak_leaves":3,"minecraft:nether_gold_ore":9,"minecraft:tuff":294,"minecraft:red_carpet":1,"minecraft:quartz_stairs":5,"minecraft:dark_oak_leaves":6,"minecraft:deepslate_diamond_ore":140,"minecraft:blackstone_wall":1,"minecraft:stone_button":1,"minecraft:decorated_pot":81,"minecraft:spruce_leaves":53,"minecraft:sandstone":20,"minecraft:rooted_dirt":55,"minecraft:hay_block":109,"minecraft:furnace":12,"minecraft:carrots":1,"minecraft:nether_sprouts":1,"minecraft:stripped_spruce_log":27,"minecraft:dead_horn_coral_block":5,"minecraft:peony":1,"minecraft:gold_block":4,"minecraft:polished_deepslate":9,"minecraft:nether_brick_fence":7,"minecraft:bookshelf":4,"minecraft:shroomlight":45,"minecraft:deepslate_iron_ore":213,"minecraft:lantern":5,"minecraft:chorus_plant":14,"minecraft:stone":1816,"minecraft:podzol":5,"minecraft:waxed_exposed_copper_bulb":1,"minecraft:acacia_leaves":4,"minecraft:flowering_azalea":3,"minecraft:magenta_stained_glass":3,"minecraft:infested_stone_bricks":1,"minecraft:basalt":91,"minecraft:crafting_table":23,"minecraft:blackstone_slab":2,"minecraft:oak_wood":38,"minecraft:lectern":2,"minecraft:lily_pad":4,"minecraft:polished_blackstone_brick_stairs":1,"minecraft:blue_bed":1,"minecraft:spruce_stairs":1,"minecraft:birch_planks":9,"minecraft:cactus":15,"minecraft:gray_wool":1,"minecraft:lime_bed":4,"minecraft:beehive":1,"minecraft:black_wall_banner":1,"minecraft:yellow_bed":2,"minecraft:dead_brain_coral_block":13,"minecraft:coal_ore":97,"minecraft:ochre_froglight":1,"minecraft:cherry_leaves":2,"minecraft:end_rod":1,"minecraft:flower_pot":1,"minecraft:cracked_stone_bricks":2,"minecraft:stripped_acacia_wood":10,"minecraft:polished_andesite":30,"minecraft:small_dripleaf":2,"minecraft:mossy_stone_bricks":2}},"DataVersion":3955}