{"stats":{"minecraft:killed_by":{"minecraft:vindicator":2,"minecraft:zombie":3,"minecraft:husk":8,"minecraft:stray":7,"minecraft:shulker":1,"minecraft:zombified_piglin":2,"minecraft:wither_skeleton":4,"minecraft:creeper":7,"minecraft:drowned":3,"minecraft:piglin":1,"minecraft:cave_spider":1,"minecraft:blaze":2,"minecraft:player":5,"minecraft:spider":1,"minecraft:enderman":2,"minecraft:skeleton":24},"minecraft:broken":{"minecraft:diamond_helmet":1,"minecraft:iron_boots":3,"minecraft:iron_chestplate":1,"minecraft:iron_leggings":1,"minecraft:iron_sword":2,"minecraft:shield":7,"minecraft:iron_pickaxe":7,"minecraft:iron_helmet":2,"minecraft:stone_pickaxe":3,"minecraft:wooden_axe":3,"minecraft:stone_shovel":1,"minecraft:diamond_chestplate":1},"minecraft:killed":{"minecraft:cave_spider":13,"minecraft:shulker":5,"minecraft:skeleton":159,"minecraft:chicken":3,"minecraft:tropical_fish":2,"minecraft:parrot":2,"minecraft:salmon":171,"minecraft:pillager":10,"minecraft:zombie":177,"minecraft:cow":14,"minecraft:vindicator":19,"minecraft:husk":65,"minecraft:rabbit":1,"minecraft:breeze":2,"minecraft:enderman":47,"minecraft:zombified_piglin":1,"minecraft:witch":1,"minecraft:spider":26,"minecraft:piglin":1,"minecraft:pig":10,"minecraft:zombie_villager":5,"minecraft:creeper":9,"minecraft:sheep":2,"minecraft:trader_llama":3,"minecraft:stray":4,"minecraft:blaze":25,"minecraft:panda":1,"minecraft:drowned":16,"minecraft:bat":1,"minecraft:wither_skeleton":18,"minecraft:player":3},"minecraft:custom":{"minecraft:interact_with_crafting_table":308,"minecraft:open_barrel":222,"minecraft:eat_cake_slice":5,"minecraft:leave_game":41,"minecraft:time_since_death":10495,"minecraft:damage_blocked_by_shield":36663,"minecraft:play_time":2087831,"minecraft:deaths":82,"minecraft:jump":28649,"minecraft:enchant_item":1,"minecraft:interact_with_furnace":350,"minecraft:sleep_in_bed":36,"minecraft:damage_dealt":139619,"minecraft:interact_with_smoker":156,"minecraft:inspect_dispenser":9,"minecraft:use_cauldron":2,"minecraft:horse_one_cm":1821309,"minecraft:interact_with_smithing_table":3,"minecraft:interact_with_anvil":2,"minecraft:sneak_time":126314,"minecraft:interact_with_blast_furnace":33,"minecraft:total_world_time":2087831,"minecraft:tune_noteblock":24,"minecraft:interact_with_stonecutter":1,"minecraft:time_since_rest":10520,"minecraft:swim_one_cm":1393616,"minecraft:fly_one_cm":4012447,"minecraft:open_chest":527,"minecraft:fall_one_cm":536439,"minecraft:animals_bred":5,"minecraft:open_shulker_box":159,"minecraft:damage_resisted":86,"minecraft:sprint_one_cm":6190944,"minecraft:drop":2383,"minecraft:talked_to_villager":8,"minecraft:interact_with_brewingstand":11,"minecraft:walk_on_water_one_cm":856736,"minecraft:open_enderchest":149,"minecraft:player_kills":3,"minecraft:crouch_one_cm":139197,"minecraft:mob_kills":956,"minecraft:fill_cauldron":3,"minecraft:damage_dealt_resisted":54,"minecraft:climb_one_cm":97753,"minecraft:walk_one_cm":3426960,"minecraft:walk_under_water_one_cm":527175,"minecraft:boat_one_cm":409805,"minecraft:damage_taken":67818,"minecraft:damage_absorbed":360,"minecraft:trigger_trapped_chest":2,"minecraft:aviate_one_cm":1635521},"minecraft:mined":{"minecraft:dark_oak_planks":25,"minecraft:dragon_wall_head":1,"minecraft:white_bed":5,"minecraft:cherry_log":21,"minecraft:red_nether_bricks":1,"minecraft:jungle_leaves":232,"minecraft:obsidian":128,"minecraft:red_sand":137,"minecraft:acacia_log":1,"minecraft:smooth_red_sandstone_stairs":20,"minecraft:jungle_log":96,"minecraft:chiseled_tuff_bricks":4,"minecraft:nether_wart":3,"minecraft:spawner":15,"minecraft:tall_seagrass":5,"minecraft:magma_block":5,"minecraft:dark_oak_trapdoor":2,"minecraft:barrel":1,"minecraft:cobbled_deepslate":62,"minecraft:fire":203,"minecraft:pumpkin":1,"minecraft:deepslate_lapis_ore":7,"minecraft:nether_brick_stairs":1,"minecraft:smooth_red_sandstone":84,"minecraft:cave_vines":164,"minecraft:water_cauldron":2,"minecraft:dirt_path":3,"minecraft:small_amethyst_bud":1,"minecraft:light_gray_concrete":6,"minecraft:stripped_mangrove_wood":2,"minecraft:player_head":8,"minecraft:tripwire":2,"minecraft:jungle_trapdoor":1,"minecraft:cut_sandstone":3,"minecraft:brown_mushroom":1,"minecraft:smoker":9,"minecraft:soul_fire":47,"minecraft:amethyst_cluster":3,"minecraft:powder_snow":9,"minecraft:torch":29,"minecraft:dark_oak_wood":38,"minecraft:blast_furnace":14,"minecraft:melon":15,"minecraft:dead_bush":7,"minecraft:cyan_bed":7,"minecraft:sugar_cane":3,"minecraft:smooth_sandstone_slab":5,"minecraft:amethyst_block":2,"minecraft:skeleton_skull":5,"minecraft:repeater":1,"minecraft:jungle_wood":122,"minecraft:mud":13,"minecraft:light_gray_stained_glass":4,"minecraft:wheat":6,"minecraft:waxed_copper_block":14,"minecraft:smooth_quartz":18,"minecraft:mangrove_log":27,"minecraft:dark_prismarine":1,"minecraft:deepslate":3095,"minecraft:yellow_terracotta":3,"minecraft:mossy_cobblestone":4,"minecraft:dark_oak_log":7,"minecraft:end_stone":306,"minecraft:shulker_box":43,"minecraft:nether_bricks":70,"minecraft:dark_oak_fence":15,"minecraft:jungle_planks":2,"minecraft:crimson_roots":2,"minecraft:moss_block":27,"minecraft:red_mushroom":2,"minecraft:white_concrete_powder":6,"minecraft:black_stained_glass_pane":5,"minecraft:redstone_ore":1,"minecraft:waxed_oxidized_cut_copper":3,"minecraft:packed_mud":35,"minecraft:waxed_copper_grate":8,"minecraft:red_sandstone":1,"minecraft:suspicious_sand":1,"minecraft:andesite":31,"minecraft:big_dripleaf_stem":2,"minecraft:chiseled_tuff":2,"minecraft:potatoes":447,"minecraft:vine":20,"minecraft:bamboo":1,"minecraft:bone_block":209,"minecraft:gray_concrete":6,"minecraft:soul_sand":14,"minecraft:smooth_sandstone":37,"minecraft:short_grass":267,"minecraft:campfire":2,"minecraft:lightning_rod":8,"minecraft:purpur_pillar":3,"minecraft:copper_ore":8,"minecraft:tall_grass":24,"minecraft:smooth_red_sandstone_slab":10,"minecraft:deepslate_gold_ore":11,"minecraft:diorite":1,"minecraft:big_dripleaf":3,"minecraft:warped_wart_block":5,"minecraft:coarse_dirt":21,"minecraft:spruce_log":42,"minecraft:gravel":98,"minecraft:dripstone_block":9,"minecraft:cobweb":51,"minecraft:stone_bricks":10,"minecraft:fern":59,"minecraft:waxed_cut_copper_slab":2,"minecraft:large_amethyst_bud":1,"minecraft:spruce_planks":13,"minecraft:attached_melon_stem":1,"minecraft:brewing_stand":1,"minecraft:cave_vines_plant":103,"minecraft:budding_amethyst":1,"minecraft:grass_block":178,"minecraft:dead_tube_coral_block":6,"minecraft:soul_soil":9,"minecraft:tuff_bricks":54,"minecraft:iron_ore":60,"minecraft:polished_tuff":1,"minecraft:azure_bluet":1,"minecraft:brown_bed":3,"minecraft:dark_oak_stairs":4,"minecraft:pointed_dripstone":8,"minecraft:azalea_leaves":2,"minecraft:azalea":4,"minecraft:end_stone_bricks":9,"minecraft:spruce_slab":8,"minecraft:green_bed":6,"minecraft:waxed_cut_copper":2,"minecraft:deepslate_redstone_ore":2,"minecraft:jungle_door":2,"minecraft:blackstone":4,"minecraft:dead_bubble_coral_block":5,"minecraft:chiseled_quartz_block":5,"minecraft:purpur_stairs":5,"minecraft:soul_lantern":3,"minecraft:clay":62,"minecraft:end_stone_brick_slab":3,"minecraft:calcite":18,"minecraft:chest":11,"minecraft:nether_quartz_ore":12,"minecraft:cobblestone":65,"minecraft:oak_planks":18,"minecraft:wall_torch":35,"minecraft:cauldron":3,"minecraft:deepslate_copper_ore":6,"minecraft:pink_petals":10,"minecraft:seagrass":12,"minecraft:warped_nylium":19,"minecraft:dark_oak_slab":18,"minecraft:smooth_stone_slab":3,"minecraft:tnt":22,"minecraft:purpur_block":16,"minecraft:oak_log":38,"minecraft:waxed_oxidized_copper":1,"minecraft:dirt":35,"minecraft:sand":283,"minecraft:tripwire_hook":1,"minecraft:netherrack":2169,"minecraft:oak_leaves":1,"minecraft:nether_gold_ore":9,"minecraft:tuff":294,"minecraft:dark_oak_leaves":6,"minecraft:deepslate_diamond_ore":140,"minecraft:stone_button":1,"minecraft:decorated_pot":81,"minecraft:spruce_leaves":53,"minecraft:sandstone":20,"minecraft:rooted_dirt":55,"minecraft:hay_block":109,"minecraft:furnace":12,"minecraft:carrots":1,"minecraft:nether_sprouts":1,"minecraft:stripped_spruce_log":27,"minecraft:gold_block":4,"minecraft:peony":1,"minecraft:dead_horn_coral_block":5,"minecraft:nether_brick_fence":7,"minecraft:polished_deepslate":8,"minecraft:bookshelf":4,"minecraft:deepslate_iron_ore":213,"minecraft:lantern":4,"minecraft:chorus_plant":14,"minecraft:stone":1815,"minecraft:podzol":5,"minecraft:waxed_exposed_copper_bulb":1,"minecraft:acacia_leaves":4,"minecraft:flowering_azalea":3,"minecraft:magenta_stained_glass":3,"minecraft:infested_stone_bricks":1,"minecraft:crafting_table":23,"minecraft:blackstone_slab":1,"minecraft:oak_wood":38,"minecraft:lectern":2,"minecraft:lily_pad":4,"minecraft:blue_bed":1,"minecraft:cactus":15,"minecraft:birch_planks":7,"minecraft:lime_bed":4,"minecraft:beehive":1,"minecraft:black_wall_banner":1,"minecraft:yellow_bed":2,"minecraft:dead_brain_coral_block":13,"minecraft:coal_ore":97,"minecraft:ochre_froglight":1,"minecraft:cherry_leaves":2,"minecraft:end_rod":1,"minecraft:flower_pot":1,"minecraft:cracked_stone_bricks":2,"minecraft:small_dripleaf":2,"minecraft:mossy_stone_bricks":2},"minecraft:dropped":{"minecraft:clay":4,"minecraft:iron_sword":31,"minecraft:porkchop":4,"minecraft:ominous_bottle":1,"minecraft:lapis_lazuli":1,"minecraft:glow_ink_sac":1,"minecraft:chorus_fruit":30,"minecraft:glass_bottle":6,"minecraft:diamond":54,"minecraft:crafting_table":17,"minecraft:dark_oak_slab":16,"minecraft:crossbow":3,"minecraft:glow_berries":60,"minecraft:warped_roots":2,"minecraft:rooted_dirt":38,"minecraft:cracked_stone_bricks":2,"minecraft:saddle":8,"minecraft:elytra":5,"minecraft:red_mushroom":6,"minecraft:emerald":126,"minecraft:dirt":70,"minecraft:red_bed":1,"minecraft:dark_oak_fence":17,"minecraft:scrape_pottery_sherd":2,"minecraft:wooden_sword":2,"minecraft:gold_nugget":23,"minecraft:bone_meal":320,"minecraft:bone_block":2,"minecraft:sand":54,"minecraft:bolt_armor_trim_smithing_template":2,"minecraft:iron_pickaxe":19,"minecraft:smooth_red_sandstone_slab":48,"minecraft:dark_oak_planks":61,"minecraft:white_wool":1,"minecraft:birch_stairs":3,"minecraft:bone":88,"minecraft:waxed_cut_copper_slab":1,"minecraft:stone_axe":5,"minecraft:emerald_block":2,"minecraft:sugar_cane":2,"minecraft:iron_nugget":2,"minecraft:cobbled_deepslate":769,"minecraft:wheat":12,"minecraft:obsidian":4,"minecraft:rotten_flesh":106,"minecraft:oak_planks":47,"minecraft:nether_brick_fence":4,"minecraft:azure_bluet":2,"minecraft:waxed_copper_block":7,"minecraft:lime_bed":1,"minecraft:tipped_arrow":8,"minecraft:leather_leggings":5,"minecraft:chiseled_tuff":2,"minecraft:end_stone_bricks":2,"minecraft:beef":6,"minecraft:egg":2,"minecraft:iron_ingot":270,"minecraft:enchanted_book":9,"minecraft:golden_boots":7,"minecraft:wheat_seeds":320,"minecraft:tnt":24,"minecraft:golden_horse_armor":2,"minecraft:dripstone_block":8,"minecraft:dark_prismarine_slab":1,"minecraft:feather":2,"minecraft:iron_helmet":9,"minecraft:cobblestone":648,"minecraft:waxed_copper_grate":8,"minecraft:apple":39,"minecraft:chainmail_helmet":1,"minecraft:coal":49,"minecraft:golden_apple":4,"minecraft:lava_bucket":3,"minecraft:diamond_horse_armor":1,"minecraft:wooden_hoe":1,"minecraft:gray_bed":1,"minecraft:wooden_axe":5,"minecraft:rabbit":2,"minecraft:cherry_planks":18,"minecraft:cooked_salmon":96,"minecraft:diamond_helmet":1,"minecraft:potion":4,"minecraft:dried_kelp":7,"minecraft:pumpkin":2,"minecraft:smooth_sandstone_slab":1,"minecraft:mud":7,"minecraft:smooth_stone":2,"minecraft:string":58,"minecraft:smooth_sandstone":42,"minecraft:lily_pad":6,"minecraft:spruce_sapling":6,"minecraft:bamboo_planks":6,"minecraft:moss_carpet":41,"minecraft:soul_soil":12,"minecraft:player_head":1,"minecraft:stone_sword":3,"minecraft:cocoa_beans":6,"minecraft:smooth_stone_slab":6,"minecraft:chicken":2,"minecraft:clay_ball":309,"minecraft:iron_boots":12,"minecraft:name_tag":2,"minecraft:nether_bricks":34,"minecraft:shears":5,"minecraft:diamond_sword":4,"minecraft:big_dripleaf":9,"minecraft:hay_block":113,"minecraft:waxed_cut_copper":2,"minecraft:peony":3,"minecraft:spruce_trapdoor":1,"minecraft:spruce_planks":65,"minecraft:diamond_pickaxe":10,"minecraft:wooden_shovel":1,"minecraft:bamboo":36,"minecraft:spider_eye":48,"minecraft:stone_bricks":8,"minecraft:bow":17,"minecraft:red_sand":44,"minecraft:magma_block":2,"minecraft:guster_pottery_sherd":1,"minecraft:moss_block":49,"minecraft:dark_oak_stairs":4,"minecraft:oak_log":1,"minecraft:baked_potato":405,"minecraft:ender_pearl":1,"minecraft:decorated_pot":14,"minecraft:leather":9,"minecraft:jungle_planks":12,"minecraft:iron_horse_armor":1,"minecraft:flint":8,"minecraft:dark_oak_log":2,"minecraft:cherry_trapdoor":4,"minecraft:mutton":1,"minecraft:crimson_roots":2,"minecraft:cut_sandstone":2,"minecraft:amethyst_shard":48,"minecraft:axolotl_bucket":1,"minecraft:gold_ingot":19,"minecraft:armor_stand":6,"minecraft:gravel":19,"minecraft:white_tulip":1,"minecraft:purpur_block":8,"minecraft:blackstone":6,"minecraft:spyglass":1,"minecraft:chiseled_tuff_bricks":3,"minecraft:soul_lantern":1,"minecraft:pointed_dripstone":8,"minecraft:beetroot":3,"minecraft:diamond_shovel":5,"minecraft:beehive":1,"minecraft:cooked_mutton":1,"minecraft:carrot":4,"minecraft:poppy":10,"minecraft:rabbit_hide":4,"minecraft:leather_chestplate":5,"minecraft:gunpowder":61,"minecraft:dune_armor_trim_smithing_template":8,"minecraft:oak_wood":1,"minecraft:melon_seeds":2,"minecraft:azalea":15,"minecraft:chest":2,"minecraft:chainmail_boots":4,"minecraft:arrow":33,"minecraft:white_concrete_powder":6,"minecraft:quartz":22,"minecraft:polished_granite":3,"minecraft:netherrack":603,"minecraft:bread":168,"minecraft:firework_rocket":448,"minecraft:water_bucket":7,"minecraft:purple_terracotta":1,"minecraft:diamond_leggings":3,"minecraft:poisonous_potato":11,"minecraft:golden_axe":2,"minecraft:lead":1,"minecraft:jungle_wood":2,"minecraft:polished_tuff":1,"minecraft:amethyst_block":1,"minecraft:copper_ingot":10,"minecraft:dead_horn_coral_block":1,"minecraft:tropical_fish":11,"minecraft:acacia_log":2,"minecraft:grass_block":2,"minecraft:stick":101,"minecraft:black_candle":12,"minecraft:smooth_red_sandstone":23,"minecraft:melon_slice":1,"minecraft:jungle_door":2,"minecraft:iron_leggings":10,"minecraft:fire_charge":1,"minecraft:jungle_leaves":1,"minecraft:wither_rose":2,"minecraft:flowering_azalea":9,"minecraft:iron_axe":11,"minecraft:cactus":64,"minecraft:pink_petals":23,"minecraft:tripwire_hook":3,"minecraft:bucket":6,"minecraft:chiseled_sandstone":2,"minecraft:smooth_basalt":2,"minecraft:redstone":10,"minecraft:polished_deepslate":6,"minecraft:tuff_bricks":21,"minecraft:flow_pottery_sherd":1,"minecraft:ender_chest":3,"minecraft:coarse_dirt":4,"minecraft:raw_copper":35,"minecraft:tuff":215,"minecraft:raw_iron":2,"minecraft:iron_hoe":1,"minecraft:shulker_box":5,"minecraft:shield":13,"minecraft:trial_key":2,"minecraft:diamond_chestplate":5,"minecraft:iron_chestplate":13,"minecraft:mossy_stone_bricks":2,"minecraft:golden_leggings":3,"minecraft:oak_boat":1,"minecraft:waxed_oxidized_cut_copper":3,"minecraft:diamond_boots":2,"minecraft:stone_pickaxe":2,"minecraft:wooden_pickaxe":4,"minecraft:raw_gold":13,"minecraft:dead_brain_coral_block":2,"minecraft:calcite":7,"minecraft:brick":208},"minecraft:used":{"minecraft:beetroot":5,"minecraft:moss_block":9,"minecraft:tuff_bricks":10,"minecraft:nether_brick_fence":1,"minecraft:elytra":11,"minecraft:spruce_slab":1,"minecraft:chest":21,"minecraft:stone":1,"minecraft:rotten_flesh":241,"minecraft:stripped_spruce_log":11,"minecraft:lava_bucket":102,"minecraft:grass_block":1,"minecraft:dark_oak_slab":5,"minecraft:bow":172,"minecraft:dark_oak_boat":2,"minecraft:ominous_bottle":1,"minecraft:furnace":19,"minecraft:potato":592,"minecraft:leather_leggings":1,"minecraft:chorus_fruit":100,"minecraft:wooden_pickaxe":101,"minecraft:golden_apple":10,"minecraft:glow_berries":135,"minecraft:dark_oak_trapdoor":3,"minecraft:sand":201,"minecraft:blast_furnace":4,"minecraft:smooth_red_sandstone":7,"minecraft:stone_button":1,"minecraft:lectern":2,"minecraft:diamond_sword":2028,"minecraft:wooden_sword":19,"minecraft:smithing_table":1,"minecraft:oak_boat":5,"minecraft:stone_sword":172,"minecraft:cooked_salmon":109,"minecraft:trial_key":6,"minecraft:netherrack":1435,"minecraft:torch":195,"minecraft:jungle_trapdoor":3,"minecraft:rooted_dirt":67,"minecraft:iron_axe":497,"minecraft:jungle_log":8,"minecraft:diamond_chestplate":12,"minecraft:cobbled_deepslate":1054,"minecraft:cherry_log":3,"minecraft:golden_axe":8,"minecraft:wheat_seeds":4,"minecraft:water_bucket":347,"minecraft:birch_planks":1,"minecraft:cherry_planks":6,"minecraft:cauldron":7,"minecraft:salmon":4,"minecraft:mossy_cobblestone":3,"minecraft:tnt":5,"minecraft:crafting_table":37,"minecraft:red_bed":1,"minecraft:white_bed":5,"minecraft:campfire":1,"minecraft:cake":1,"minecraft:oak_log":5,"minecraft:mud":5,"minecraft:diamond_pickaxe":5676,"minecraft:iron_pickaxe":3733,"minecraft:leather_helmet":1,"minecraft:spruce_trapdoor":1,"minecraft:cobblestone":268,"minecraft:potion":8,"minecraft:cooked_porkchop":17,"minecraft:red_sand":129,"minecraft:iron_shovel":157,"minecraft:decorated_pot":4,"minecraft:shield":537,"minecraft:iron_sword":1636,"minecraft:player_head":1,"minecraft:iron_chestplate":5,"minecraft:jungle_planks":22,"minecraft:nether_bricks":25,"minecraft:carrot":6,"minecraft:obsidian":52,"minecraft:big_dripleaf":6,"minecraft:mangrove_log":9,"minecraft:lantern":3,"minecraft:packed_mud":3,"minecraft:iron_helmet":3,"minecraft:magma_block":1,"minecraft:skeleton_skull":3,"minecraft:golden_boots":1,"minecraft:end_rod":1,"minecraft:stone_pickaxe":601,"minecraft:oak_planks":64,"minecraft:ender_pearl":22,"minecraft:diamond_axe":24,"minecraft:white_wool":1,"minecraft:yellow_terracotta":3,"minecraft:ochre_froglight":1,"minecraft:end_stone":302,"minecraft:firework_rocket":21,"minecraft:light_gray_concrete":2,"minecraft:melon_slice":69,"minecraft:string":3,"minecraft:bread":372,"minecraft:cyan_bed":6,"minecraft:gravel":1,"minecraft:smooth_red_sandstone_slab":55,"minecraft:coarse_dirt":7,"minecraft:bone_meal":1380,"minecraft:jungle_leaves":8,"minecraft:flint_and_steel":46,"minecraft:stone_shovel":187,"minecraft:spruce_planks":40,"minecraft:ender_chest":3,"minecraft:cooked_chicken":5,"minecraft:dirt":196,"minecraft:spyglass":13,"minecraft:spruce_stairs":1,"minecraft:shulker_box":38,"minecraft:dark_oak_planks":24,"minecraft:wooden_axe":220,"minecraft:bookshelf":8,"minecraft:iron_boots":1,"minecraft:crimson_planks":4,"minecraft:golden_carrot":14,"minecraft:soul_soil":11,"minecraft:cooked_beef":8,"minecraft:brown_bed":3,"minecraft:enchanted_golden_apple":1,"minecraft:iron_leggings":3,"minecraft:cooked_mutton":5,"minecraft:glass_bottle":6,"minecraft:baked_potato":165,"minecraft:cut_sandstone":6,"minecraft:green_bed":6,"minecraft:waxed_copper_block":5,"minecraft:jungle_wood":7,"minecraft:dark_prismarine_slab":1,"minecraft:lime_bed":3,"minecraft:red_mushroom":1,"minecraft:smooth_red_sandstone_stairs":32,"minecraft:dark_oak_door":1,"minecraft:smoker":14,"minecraft:wooden_hoe":7,"minecraft:pink_petals":4,"minecraft:jungle_door":5,"minecraft:bucket":468,"minecraft:yellow_bed":2,"minecraft:birch_stairs":2},"minecraft:crafted":{"minecraft:ender_chest":5,"minecraft:smooth_stone":11,"minecraft:blaze_powder":10,"minecraft:bookshelf":8,"minecraft:cooked_mutton":3,"minecraft:shulker_box":1,"minecraft:glass":3,"minecraft:diamond_helmet":2,"minecraft:diamond_leggings":3,"minecraft:glass_bottle":3,"minecraft:golden_axe":1,"minecraft:wooden_shovel":2,"minecraft:cooked_porkchop":25,"minecraft:diamond_axe":1,"minecraft:smooth_red_sandstone_stairs":12,"minecraft:smithing_table":1,"minecraft:copper_ingot":9,"minecraft:campfire":1,"minecraft:wooden_hoe":1,"minecraft:iron_pickaxe":12,"minecraft:gold_ingot":28,"minecraft:stone_shovel":3,"minecraft:smooth_stone_slab":6,"minecraft:spyglass":1,"minecraft:smooth_red_sandstone_slab":66,"minecraft:bone_meal":2403,"minecraft:cherry_trapdoor":2,"minecraft:stone_pickaxe":7,"minecraft:diamond_boots":1,"minecraft:dark_oak_planks":168,"minecraft:wheat":1132,"minecraft:golden_apple":3,"minecraft:wooden_axe":7,"minecraft:iron_leggings":5,"minecraft:oak_planks":232,"minecraft:dark_oak_boat":1,"minecraft:cooked_chicken":1,"minecraft:stone":20,"minecraft:dark_oak_door":3,"minecraft:iron_boots":5,"minecraft:chest":12,"minecraft:ender_eye":7,"minecraft:golden_sword":1,"minecraft:golden_boots":1,"minecraft:smoker":8,"minecraft:cauldron":3,"minecraft:crafting_table":28,"minecraft:spruce_planks":272,"minecraft:iron_helmet":6,"minecraft:baked_potato":855,"minecraft:wooden_pickaxe":6,"minecraft:spruce_trapdoor":2,"minecraft:iron_chestplate":4,"minecraft:charcoal":14,"minecraft:diamond_pickaxe":8,"minecraft:shield":23,"minecraft:stick":224,"minecraft:iron_ingot":371,"minecraft:stone_sword":4,"minecraft:cherry_planks":72,"minecraft:wooden_sword":1,"minecraft:blast_furnace":2,"minecraft:furnace":24,"minecraft:dark_oak_trapdoor":2,"minecraft:jungle_trapdoor":2,"minecraft:iron_axe":4,"minecraft:cooked_beef":3,"minecraft:bone_block":64,"minecraft:jungle_wood":3,"minecraft:diamond_sword":3,"minecraft:iron_sword":3,"minecraft:cooked_salmon":121,"minecraft:bucket":9,"minecraft:bread":384,"minecraft:jungle_planks":372,"minecraft:oak_boat":1,"minecraft:jungle_door":6,"minecraft:torch":4,"minecraft:diamond_chestplate":3},"minecraft:picked_up":{"minecraft:iron_chestplate":33,"minecraft:chainmail_boots":7,"minecraft:flower_pot":1,"minecraft:lead":10,"minecraft:diamond_sword":20,"minecraft:brown_bed":3,"minecraft:wither_rose":2,"minecraft:enchanted_book":31,"minecraft:golden_shovel":1,"minecraft:brewing_stand":3,"minecraft:amethyst_block":1,"minecraft:polished_deepslate":6,"minecraft:string":208,"minecraft:dark_oak_trapdoor":1,"minecraft:soul_soil":54,"minecraft:cooked_salmon":274,"minecraft:beetroot":4,"minecraft:diamond_leggings":8,"minecraft:gold_nugget":45,"minecraft:cobbled_deepslate":3387,"minecraft:spruce_planks":118,"minecraft:trial_key":51,"minecraft:melon_slice":70,"minecraft:mangrove_log":31,"minecraft:dark_oak_door":4,"minecraft:beehive":1,"minecraft:big_dripleaf":17,"minecraft:green_bed":6,"minecraft:acacia_log":3,"minecraft:lightning_rod":8,"minecraft:golden_axe":6,"minecraft:cherry_log":21,"minecraft:waxed_copper_grate":9,"minecraft:cauldron":7,"minecraft:stone_sword":10,"minecraft:tropical_fish":12,"minecraft:end_rod":1,"minecraft:waxed_cut_copper":2,"minecraft:blaze_rod":9,"minecraft:magma_block":3,"minecraft:dune_armor_trim_smithing_template":36,"minecraft:feather":5,"minecraft:cooked_beef":8,"minecraft:iron_door":1,"minecraft:water_bucket":37,"minecraft:jungle_log":229,"minecraft:dark_oak_boat":3,"minecraft:jungle_wood":123,"minecraft:smoker":27,"minecraft:flint":22,"minecraft:gray_concrete":10,"minecraft:lantern":3,"minecraft:rabbit":6,"minecraft:diamond_helmet":13,"minecraft:glowstone_dust":1,"minecraft:moss_block":73,"minecraft:warped_wart_block":7,"minecraft:stripped_spruce_log":41,"minecraft:dark_oak_log":15,"minecraft:iron_hoe":1,"minecraft:blue_terracotta":1,"minecraft:dead_brain_coral_block":9,"minecraft:chainmail_helmet":1,"minecraft:golden_horse_armor":6,"minecraft:bread":1080,"minecraft:rooted_dirt":109,"minecraft:dark_oak_fence":28,"minecraft:crimson_roots":2,"minecraft:diamond_pickaxe":27,"minecraft:mud":14,"minecraft:crafting_table":48,"minecraft:coarse_dirt":23,"minecraft:ominous_bottle":6,"minecraft:nether_wart":7,"minecraft:clay_ball":364,"minecraft:leather_leggings":7,"minecraft:purpur_block":10,"minecraft:dead_horn_coral_block":4,"minecraft:wind_charge":44,"minecraft:red_bed":2,"minecraft:jungle_trapdoor":1,"minecraft:elytra":13,"minecraft:flint_and_steel":14,"minecraft:cracked_stone_bricks":2,"minecraft:beef":36,"minecraft:chiseled_tuff":4,"minecraft:poppy":15,"minecraft:jungle_sapling":12,"minecraft:iron_nugget":119,"minecraft:spruce_slab":8,"minecraft:guster_pottery_sherd":1,"minecraft:chest":13,"minecraft:egg":3,"minecraft:sandstone":1,"minecraft:fire_charge":5,"minecraft:flow_pottery_sherd":1,"minecraft:cake":1,"minecraft:carrot":59,"minecraft:redstone":31,"minecraft:tnt":101,"minecraft:stone_shovel":1,"minecraft:diamond_chestplate":20,"minecraft:decorated_pot":30,"minecraft:peony":3,"minecraft:shears":5,"minecraft:diamond_boots":6,"minecraft:hay_block":399,"minecraft:yellow_terracotta":3,"minecraft:gold_ingot":48,"minecraft:tuff_bricks":42,"minecraft:glow_berries":197,"minecraft:mutton":2,"minecraft:white_wool":4,"minecraft:bone_block":205,"minecraft:rail":4,"minecraft:smooth_red_sandstone_stairs":20,"minecraft:lime_bed":8,"minecraft:smooth_red_sandstone":102,"minecraft:tripwire_hook":5,"minecraft:blackstone_slab":1,"minecraft:red_mushroom":25,"minecraft:acacia_wood":5,"minecraft:ochre_froglight":1,"minecraft:packed_mud":67,"minecraft:oak_log":48,"minecraft:lily_pad":6,"minecraft:golden_boots":8,"minecraft:blue_bed":1,"minecraft:white_banner":4,"minecraft:apple":89,"minecraft:stone_bricks":8,"minecraft:stone_pickaxe":3,"minecraft:glass_bottle":3,"minecraft:gray_bed":1,"minecraft:iron_sword":80,"minecraft:flowering_azalea":14,"minecraft:dark_oak_stairs":4,"minecraft:smooth_basalt":4,"minecraft:dark_oak_slab":32,"minecraft:spyglass":8,"minecraft:gravel":71,"minecraft:crimson_stairs":19,"minecraft:birch_stairs":6,"minecraft:spruce_sapling":6,"minecraft:spruce_log":42,"minecraft:crying_obsidian":2,"minecraft:polished_tuff":2,"minecraft:leather_helmet":3,"minecraft:oak_wood":47,"minecraft:firework_rocket":1154,"minecraft:diamond_shovel":9,"minecraft:stone_axe":5,"minecraft:diamond_axe":1,"minecraft:warped_roots":3,"minecraft:baked_potato":1222,"minecraft:melon_seeds":2,"minecraft:ender_pearl":54,"minecraft:shulker_shell":2,"minecraft:wheat":49,"minecraft:ender_chest":10,"minecraft:nether_brick_fence":5,"minecraft:potion":37,"minecraft:crimson_planks":29,"minecraft:waxed_cut_copper_slab":1,"minecraft:dead_tube_coral_block":3,"minecraft:raw_copper":53,"minecraft:sticky_piston":4,"minecraft:smooth_stone_slab":3,"minecraft:armor_stand":6,"minecraft:iron_leggings":35,"minecraft:smooth_red_sandstone_slab":71,"minecraft:red_sand":264,"minecraft:bucket":19,"minecraft:white_tulip":1,"minecraft:ender_eye":8,"minecraft:calcite":7,"minecraft:azalea":21,"minecraft:wooden_shovel":1,"minecraft:smooth_quartz":16,"minecraft:iron_pickaxe":58,"minecraft:iron_boots":32,"minecraft:furnace":31,"minecraft:tipped_arrow":23,"minecraft:stick":153,"minecraft:jungle_door":2,"minecraft:torch":141,"minecraft:spruce_stairs":1,"minecraft:porkchop":55,"minecraft:dried_kelp":7,"minecraft:pointed_dripstone":24,"minecraft:cactus":328,"minecraft:rotten_flesh":747,"minecraft:mangrove_roots":1,"minecraft:obsidian":219,"minecraft:cobblestone":1885,"minecraft:pink_petals":27,"minecraft:leather_chestplate":5,"minecraft:repeater":2,"minecraft:cherry_planks":39,"minecraft:andesite":26,"minecraft:golden_leggings":6,"minecraft:chiseled_quartz_block":5,"minecraft:oxidized_copper_bulb":1,"minecraft:potato":2943,"minecraft:tuff":316,"minecraft:lapis_lazuli":74,"minecraft:oxidized_copper_door":1,"minecraft:dirt":278,"minecraft:cut_sandstone_slab":1,"minecraft:polished_granite":3,"minecraft:name_tag":10,"minecraft:leather_boots":2,"minecraft:bone":696,"minecraft:bow":45,"minecraft:wheat_seeds":438,"minecraft:raw_gold":22,"minecraft:bolt_armor_trim_smithing_template":4,"minecraft:mossy_stone_bricks":2,"minecraft:bamboo":252,"minecraft:scrape_pottery_sherd":2,"minecraft:oak_planks":357,"minecraft:cooked_porkchop":7,"minecraft:axolotl_bucket":1,"minecraft:poisonous_potato":16,"minecraft:sand":431,"minecraft:jungle_planks":111,"minecraft:nether_brick_stairs":1,"minecraft:grass_block":5,"minecraft:cyan_bed":6,"minecraft:shulker_box":46,"minecraft:chiseled_sandstone":2,"minecraft:mossy_cobblestone":3,"minecraft:jungle_leaves":4,"minecraft:light_gray_concrete":9,"minecraft:dark_prismarine_slab":2,"minecraft:clay":4,"minecraft:diamond":297,"minecraft:soul_lantern":3,"minecraft:crossbow":6,"minecraft:breeze_rod":12,"minecraft:bone_meal":1437,"minecraft:golden_apple":23,"minecraft:emerald":345,"minecraft:netherrack":3020,"minecraft:chorus_fruit":287,"minecraft:end_stone_bricks":10,"minecraft:cocoa_beans":6,"minecraft:fishing_rod":1,"minecraft:charcoal":12,"minecraft:waxed_oxidized_cut_copper":3,"minecraft:azure_bluet":2,"minecraft:chicken":6,"minecraft:brown_mushroom":1,"minecraft:wooden_pickaxe":4,"minecraft:gold_block":9,"minecraft:diamond_horse_armor":1,"minecraft:brick":235,"minecraft:shield":51,"minecraft:moss_carpet":64,"minecraft:iron_axe":30,"minecraft:wooden_sword":1,"minecraft:blackstone":10,"minecraft:oak_boat":12,"minecraft:player_head":23,"minecraft:lectern":2,"minecraft:sugar_cane":10,"minecraft:cherry_trapdoor":6,"minecraft:dark_oak_sapling":2,"minecraft:raw_iron":363,"minecraft:end_stone":302,"minecraft:copper_ingot":12,"minecraft:stone_button":1,"minecraft:iron_horse_armor":7,"minecraft:purple_terracotta":1,"minecraft:dark_oak_planks":150,"minecraft:smooth_sandstone_slab":1,"minecraft:arrow":576,"minecraft:nether_bricks":95,"minecraft:saddle":11,"minecraft:black_banner":2,"minecraft:skeleton_skull":13,"minecraft:golden_carrot":22,"minecraft:glow_ink_sac":1,"minecraft:salmon":192,"minecraft:cut_sandstone":8,"minecraft:leather":25,"minecraft:birch_planks":23,"minecraft:chainmail_chestplate":3,"minecraft:waxed_copper_block":16,"minecraft:yellow_bed":2,"minecraft:gunpowder":236,"minecraft:orange_terracotta":1,"minecraft:cooked_mutton":2,"minecraft:smooth_sandstone":73,"minecraft:rabbit_hide":5,"minecraft:spruce_wood":18,"minecraft:iron_ingot":612,"minecraft:cooked_chicken":6,"minecraft:soul_sand":33,"minecraft:book":64,"minecraft:black_candle":36,"minecraft:emerald_block":2,"minecraft:bamboo_planks":12,"minecraft:pumpkin":2,"minecraft:quartz":25,"minecraft:dripstone_block":16,"minecraft:lava_bucket":10,"minecraft:amethyst_shard":127,"minecraft:blast_furnace":36,"minecraft:white_bed":5,"minecraft:spider_eye":74,"minecraft:pumpkin_seeds":1,"minecraft:white_concrete_powder":6,"minecraft:campfire":3,"minecraft:dead_bubble_coral_block":4,"minecraft:iron_helmet":29,"minecraft:dark_oak_wood":36,"minecraft:end_stone_brick_slab":3,"minecraft:coal":515,"minecraft:chiseled_tuff_bricks":5,"minecraft:wooden_axe":5}},"DataVersion":3955}