{"stats":{"minecraft:killed_by":{"minecraft:ravager":1,"minecraft:zombie":19,"minecraft:zombified_piglin":2,"minecraft:drowned":3,"minecraft:skeleton":44,"minecraft:piglin_brute":1,"minecraft:vindicator":9,"minecraft:vex":4,"minecraft:husk":9,"minecraft:stray":9,"minecraft:slime":1,"minecraft:shulker":3,"minecraft:wither_skeleton":62,"minecraft:creeper":12,"minecraft:piglin":4,"minecraft:cave_spider":1,"minecraft:blaze":2,"minecraft:witch":1,"minecraft:player":7,"minecraft:spider":2,"minecraft:enderman":3,"minecraft:hoglin":2,"minecraft:phantom":25},"minecraft:dropped":{"minecraft:iron_sword":61,"minecraft:porkchop":4,"minecraft:lapis_lazuli":1,"minecraft:glow_ink_sac":11,"minecraft:chorus_fruit":271,"minecraft:glass_bottle":33,"minecraft:diamond":80,"minecraft:crafting_table":17,"minecraft:cooked_porkchop":2,"minecraft:red_sandstone":29,"minecraft:dark_oak_slab":16,"minecraft:glow_berries":64,"minecraft:warped_roots":2,"minecraft:cracked_stone_bricks":2,"minecraft:red_mushroom":6,"minecraft:emerald":148,"minecraft:gold_block":2,"minecraft:gray_concrete":1,"minecraft:red_bed":1,"minecraft:dark_oak_fence":18,"minecraft:gold_nugget":24,"minecraft:sand":164,"minecraft:bolt_armor_trim_smithing_template":2,"minecraft:smooth_red_sandstone_slab":48,"minecraft:dark_oak_planks":86,"minecraft:white_wool":1,"minecraft:birch_stairs":5,"minecraft:waxed_cut_copper_slab":2,"minecraft:stone_axe":5,"minecraft:lever":2,"minecraft:iron_nugget":15,"minecraft:cobbled_deepslate":1335,"minecraft:wheat":14,"minecraft:obsidian":5,"minecraft:rotten_flesh":244,"minecraft:oak_planks":47,"minecraft:glowstone_dust":5,"minecraft:nether_brick_fence":7,"minecraft:azure_bluet":3,"minecraft:waxed_copper_block":8,"minecraft:wind_charge":12,"minecraft:quartz_block":3,"minecraft:jungle_log":169,"minecraft:leather_leggings":5,"minecraft:brown_candle":10,"minecraft:chiseled_tuff":4,"minecraft:beef":6,"minecraft:warped_wart_block":4,"minecraft:stone_brick_stairs":4,"minecraft:cartography_table":2,"minecraft:golden_boots":11,"minecraft:wheat_seeds":405,"minecraft:dripstone_block":14,"minecraft:waxed_copper_grate":8,"minecraft:golden_apple":4,"minecraft:lava_bucket":13,"minecraft:diamond_horse_armor":3,"minecraft:gray_wool":1,"minecraft:wooden_axe":6,"minecraft:cherry_planks":18,"minecraft:cooked_salmon":96,"minecraft:potion":7,"minecraft:oak_stairs":1,"minecraft:pumpkin":2,"minecraft:smooth_sandstone_slab":9,"minecraft:white_banner":19,"minecraft:mud":9,"minecraft:smooth_stone":2,"minecraft:chainmail_leggings":2,"minecraft:bamboo_slab":3,"minecraft:smooth_sandstone":129,"minecraft:lily_pad":9,"minecraft:acacia_planks":1,"minecraft:soul_soil":14,"minecraft:player_head":1,"minecraft:cocoa_beans":6,"minecraft:experience_bottle":4,"minecraft:stone_shovel":1,"minecraft:clay_ball":424,"minecraft:iron_boots":20,"minecraft:name_tag":2,"minecraft:cobbled_deepslate_slab":4,"minecraft:white_terracotta":4,"minecraft:light_gray_concrete":11,"minecraft:end_stone_brick_wall":13,"minecraft:polished_deepslate_stairs":1,"minecraft:shears":6,"minecraft:diamond_sword":12,"minecraft:flower_pot":1,"minecraft:waxed_cut_copper":4,"minecraft:peony":6,"minecraft:spruce_trapdoor":2,"minecraft:spruce_planks":74,"minecraft:diamond_pickaxe":13,"minecraft:stone_bricks":8,"minecraft:barrel":1,"minecraft:bamboo":99,"minecraft:sandstone":86,"minecraft:red_sand":50,"minecraft:bow":31,"minecraft:magma_block":3,"minecraft:terracotta":8,"minecraft:guster_pottery_sherd":1,"minecraft:nether_brick_stairs":5,"minecraft:soul_sand":24,"minecraft:moss_block":92,"minecraft:oak_log":1,"minecraft:ender_pearl":15,"minecraft:jungle_fence":2,"minecraft:leather":16,"minecraft:jungle_planks":29,"minecraft:iron_horse_armor":1,"minecraft:mangrove_planks":15,"minecraft:cobblestone_stairs":1,"minecraft:dark_oak_log":11,"minecraft:dark_oak_wood":1,"minecraft:mutton":1,"minecraft:snowball":11,"minecraft:axolotl_bucket":1,"minecraft:gold_ingot":31,"minecraft:purpur_block":53,"minecraft:spyglass":4,"minecraft:chiseled_tuff_bricks":3,"minecraft:stripped_jungle_wood":6,"minecraft:smooth_sandstone_stairs":3,"minecraft:soul_lantern":1,"minecraft:pointed_dripstone":15,"minecraft:beetroot":22,"minecraft:cooked_mutton":4,"minecraft:leather_chestplate":11,"minecraft:dune_armor_trim_smithing_template":8,"minecraft:oak_wood":2,"minecraft:stone_brick_wall":2,"minecraft:iron_bars":1,"minecraft:white_concrete_powder":6,"minecraft:polished_granite":3,"minecraft:splash_potion":3,"minecraft:bread":337,"minecraft:bamboo_mosaic_stairs":1,"minecraft:golden_axe":2,"minecraft:jungle_wood":6,"minecraft:polished_tuff":1,"minecraft:amethyst_block":1,"minecraft:tropical_fish":91,"minecraft:spruce_stairs":6,"minecraft:acacia_log":3,"minecraft:black_candle":12,"minecraft:mud_brick_wall":1,"minecraft:melon_slice":1,"minecraft:jungle_door":11,"minecraft:fire_charge":1,"minecraft:jungle_leaves":4,"minecraft:cactus":65,"minecraft:tripwire_hook":5,"minecraft:chiseled_sandstone":25,"minecraft:polished_deepslate":6,"minecraft:light_gray_terracotta":1,"minecraft:totem_of_undying":9,"minecraft:shulker_box":18,"minecraft:flint_and_steel":3,"minecraft:mud_bricks":58,"minecraft:end_stone_brick_stairs":4,"minecraft:trial_key":2,"minecraft:andesite":2,"minecraft:golden_leggings":3,"minecraft:oak_sapling":2,"minecraft:spruce_log":4,"minecraft:wooden_pickaxe":5,"minecraft:magma_cream":1,"minecraft:brick":254,"minecraft:clay":16,"minecraft:acacia_wood":1,"minecraft:piston":1,"minecraft:ominous_bottle":2,"minecraft:crossbow":26,"minecraft:rooted_dirt":84,"minecraft:saddle":19,"minecraft:purpur_stairs":13,"minecraft:elytra":9,"minecraft:rail":4,"minecraft:cut_sandstone_slab":1,"minecraft:dirt":124,"minecraft:packed_mud":13,"minecraft:melon":32,"minecraft:stone_button":24,"minecraft:scrape_pottery_sherd":2,"minecraft:wooden_sword":3,"minecraft:sunflower":2,"minecraft:bone_meal":450,"minecraft:bone_block":2,"minecraft:phantom_membrane":9,"minecraft:sugar":52,"minecraft:iron_pickaxe":37,"minecraft:bone":275,"minecraft:emerald_block":2,"minecraft:sugar_cane":2,"minecraft:golden_chestplate":1,"minecraft:nether_brick":6,"minecraft:end_stone":132,"minecraft:lime_bed":1,"minecraft:tipped_arrow":61,"minecraft:jungle_stairs":10,"minecraft:ladder":1,"minecraft:spruce_slab":9,"minecraft:end_stone_bricks":65,"minecraft:lectern":4,"minecraft:dead_tube_coral_block":1,"minecraft:egg":5,"minecraft:enchanted_book":22,"minecraft:iron_ingot":368,"minecraft:netherite_pickaxe":4,"minecraft:tnt":33,"minecraft:golden_horse_armor":2,"minecraft:cobblestone":685,"minecraft:feather":10,"minecraft:purpur_slab":2,"minecraft:iron_helmet":21,"minecraft:dark_prismarine_slab":1,"minecraft:apple":39,"minecraft:chainmail_helmet":1,"minecraft:coal":55,"minecraft:end_rod":15,"minecraft:jungle_slab":2,"minecraft:golden_carrot":37,"minecraft:wooden_hoe":1,"minecraft:gray_bed":1,"minecraft:rabbit":2,"minecraft:diamond_helmet":3,"minecraft:brown_terracotta":16,"minecraft:dried_kelp":7,"minecraft:iron_shovel":1,"minecraft:string":170,"minecraft:beetroot_soup":4,"minecraft:spruce_sapling":6,"minecraft:bamboo_planks":6,"minecraft:purpur_pillar":2,"minecraft:moss_carpet":84,"minecraft:netherite_ingot":2,"minecraft:stone_sword":7,"minecraft:dark_oak_sign":4,"minecraft:smooth_stone_slab":18,"minecraft:bowl":1,"minecraft:chicken":3,"minecraft:stone_slab":15,"minecraft:nether_bricks":51,"minecraft:pumpkin_seeds":13,"minecraft:lightning_rod":8,"minecraft:big_dripleaf":10,"minecraft:potato":6,"minecraft:hay_block":113,"minecraft:shroomlight":1,"minecraft:stone":6,"minecraft:wooden_shovel":2,"minecraft:spider_eye":91,"minecraft:dark_prismarine":34,"minecraft:dark_oak_stairs":13,"minecraft:diamond_axe":1,"minecraft:baked_potato":916,"minecraft:decorated_pot":15,"minecraft:sandstone_slab":6,"minecraft:lantern":1,"minecraft:flint":12,"minecraft:polished_blackstone_brick_stairs":1,"minecraft:cherry_trapdoor":4,"minecraft:cornflower":1,"minecraft:crimson_roots":2,"minecraft:cut_sandstone":69,"minecraft:amethyst_shard":48,"minecraft:armor_stand":6,"minecraft:gravel":30,"minecraft:white_tulip":1,"minecraft:blackstone":6,"minecraft:diamond_shovel":5,"minecraft:beehive":1,"minecraft:carrot":6,"minecraft:chainmail_chestplate":5,"minecraft:shulker_shell":4,"minecraft:poppy":10,"minecraft:rabbit_hide":4,"minecraft:gunpowder":96,"minecraft:melon_seeds":30,"minecraft:lingering_potion":1,"minecraft:chainmail_boots":6,"minecraft:azalea":23,"minecraft:chest":3,"minecraft:spruce_wood":5,"minecraft:blackstone_slab":1,"minecraft:basalt":5,"minecraft:arrow":734,"minecraft:quartz":22,"minecraft:oak_leaves":5,"minecraft:netherrack":793,"minecraft:water_bucket":14,"minecraft:firework_rocket":514,"minecraft:purple_terracotta":39,"minecraft:mossy_cobblestone":2,"minecraft:diamond_leggings":6,"minecraft:poisonous_potato":23,"minecraft:lead":3,"minecraft:spectral_arrow":1,"minecraft:copper_ingot":10,"minecraft:dead_horn_coral_block":1,"minecraft:ominous_trial_key":1,"minecraft:grass_block":2,"minecraft:stick":222,"minecraft:smooth_red_sandstone":36,"minecraft:torch":16,"minecraft:map":2,"minecraft:iron_leggings":14,"minecraft:wither_rose":2,"minecraft:flowering_azalea":11,"minecraft:iron_axe":14,"minecraft:pink_petals":23,"minecraft:bucket":9,"minecraft:smooth_basalt":2,"minecraft:redstone":141,"minecraft:nether_brick_slab":2,"minecraft:tuff_bricks":37,"minecraft:flow_pottery_sherd":1,"minecraft:ender_chest":5,"minecraft:coarse_dirt":23,"minecraft:chiseled_quartz_block":3,"minecraft:raw_copper":35,"minecraft:tuff":324,"minecraft:raw_iron":132,"minecraft:dead_bubble_coral_block":2,"minecraft:light_gray_wool":1,"minecraft:iron_hoe":2,"minecraft:ender_eye":1,"minecraft:stripped_acacia_wood":5,"minecraft:filled_map":3,"minecraft:shield":45,"minecraft:diamond_chestplate":7,"minecraft:orange_terracotta":32,"minecraft:iron_chestplate":20,"minecraft:quartz_stairs":4,"minecraft:mossy_stone_bricks":2,"minecraft:oak_boat":1,"minecraft:waxed_oxidized_cut_copper":3,"minecraft:golden_sword":1,"minecraft:diamond_boots":5,"minecraft:slime_ball":60,"minecraft:stripped_crimson_hyphae":5,"minecraft:stone_pickaxe":3,"minecraft:raw_gold":13,"minecraft:calcite":9,"minecraft:dead_brain_coral_block":2},"minecraft:killed":{"minecraft:tropical_fish":2,"minecraft:parrot":2,"minecraft:salmon":202,"minecraft:pillager":109,"minecraft:zombie":467,"minecraft:evoker":15,"minecraft:vindicator":91,"minecraft:endermite":16,"minecraft:husk":115,"minecraft:rabbit":1,"minecraft:ravager":17,"minecraft:breeze":4,"minecraft:zombified_piglin":1,"minecraft:witch":22,"minecraft:spider":80,"minecraft:piglin":6,"minecraft:zombie_villager":8,"minecraft:sheep":2,"minecraft:trader_llama":4,"minecraft:ghast":1,"minecraft:vex":14,"minecraft:slime":47,"minecraft:drowned":24,"minecraft:hoglin":2,"minecraft:squid":7,"minecraft:wither_skeleton":40,"minecraft:player":3,"minecraft:villager":1,"minecraft:cave_spider":17,"minecraft:shulker":72,"minecraft:skeleton":367,"minecraft:chicken":3,"minecraft:magma_cube":5,"minecraft:cow":14,"minecraft:enderman":153,"minecraft:pig":10,"minecraft:creeper":35,"minecraft:stray":42,"minecraft:blaze":34,"minecraft:phantom":27,"minecraft:panda":2,"minecraft:bat":2},"minecraft:used":{"minecraft:moss_block":9,"minecraft:tuff_bricks":10,"minecraft:jack_o_lantern":2,"minecraft:stone":1,"minecraft:rotten_flesh":369,"minecraft:lava_bucket":124,"minecraft:dark_oak_slab":18,"minecraft:bow":901,"minecraft:ominous_bottle":5,"minecraft:leather_leggings":1,"minecraft:chorus_fruit":261,"minecraft:cactus":1,"minecraft:blackstone":6,"minecraft:wooden_pickaxe":183,"minecraft:composter":16,"minecraft:golden_apple":46,"minecraft:glow_berries":139,"minecraft:blast_furnace":10,"minecraft:coal_block":8,"minecraft:diamond_sword":4881,"minecraft:smithing_table":2,"minecraft:oak_boat":5,"minecraft:stripped_acacia_wood":11,"minecraft:cooked_salmon":134,"minecraft:torch":341,"minecraft:brewing_stand":3,"minecraft:chainmail_chestplate":2,"minecraft:mud_brick_stairs":2,"minecraft:jungle_log":23,"minecraft:barrel":2,"minecraft:diamond_chestplate":83,"minecraft:basalt":66,"minecraft:acacia_planks":64,"minecraft:cherry_log":3,"minecraft:wheat_seeds":4,"minecraft:birch_planks":2,"minecraft:cherry_planks":6,"minecraft:cauldron":8,"minecraft:red_bed":3,"minecraft:campfire":1,"minecraft:white_bed":8,"minecraft:diamond_pickaxe":9163,"minecraft:ominous_trial_key":6,"minecraft:diamond_shovel":179,"minecraft:suspicious_stew":1,"minecraft:leather_helmet":1,"minecraft:spruce_trapdoor":1,"minecraft:potion":18,"minecraft:porkchop":4,"minecraft:cooked_porkchop":22,"minecraft:diamond_leggings":5,"minecraft:moss_carpet":1,"minecraft:red_sand":150,"minecraft:decorated_pot":5,"minecraft:jungle_planks":83,"minecraft:obsidian":56,"minecraft:big_dripleaf":6,"minecraft:mangrove_log":9,"minecraft:bricks":1,"minecraft:spruce_wood":3,"minecraft:lantern":12,"minecraft:item_frame":1,"minecraft:golden_sword":29,"minecraft:skeleton_skull":3,"minecraft:end_rod":2,"minecraft:diamond_boots":1,"minecraft:stone_pickaxe":699,"minecraft:mangrove_planks":105,"minecraft:oak_planks":64,"minecraft:sandstone":1,"minecraft:diamond_axe":200,"minecraft:white_wool":1,"minecraft:crossbow":507,"minecraft:ochre_froglight":1,"minecraft:lingering_potion":1,"minecraft:end_stone":2879,"minecraft:bread":595,"minecraft:coarse_dirt":7,"minecraft:bone_meal":1828,"minecraft:flint_and_steel":80,"minecraft:ender_chest":25,"minecraft:cooked_chicken":7,"minecraft:dirt":257,"minecraft:wooden_axe":319,"minecraft:smooth_sandstone":278,"minecraft:iron_boots":8,"minecraft:soul_soil":11,"minecraft:netherite_pickaxe":1116,"minecraft:cooked_beef":13,"minecraft:enchanted_golden_apple":4,"minecraft:iron_leggings":7,"minecraft:baked_potato":841,"minecraft:cut_sandstone":9,"minecraft:green_bed":11,"minecraft:waxed_copper_block":5,"minecraft:dark_prismarine_slab":1,"minecraft:red_mushroom":1,"minecraft:wooden_hoe":7,"minecraft:flower_pot":2,"minecraft:chicken":1,"minecraft:stone_axe":107,"minecraft:pink_petals":4,"minecraft:cobbled_deepslate_slab":12,"minecraft:birch_stairs":3,"minecraft:beetroot":5,"minecraft:nether_brick_fence":1,"minecraft:spruce_slab":1,"minecraft:elytra":75,"minecraft:chest":40,"minecraft:stripped_spruce_log":11,"minecraft:grass_block":1,"minecraft:dark_oak_boat":6,"minecraft:furnace":21,"minecraft:potato":728,"minecraft:dragon_head":1,"minecraft:end_stone_bricks":81,"minecraft:purpur_pillar":3,"minecraft:oak_leaves":12,"minecraft:dark_oak_trapdoor":4,"minecraft:sand":451,"minecraft:purpur_stairs":1,"minecraft:smooth_red_sandstone":7,"minecraft:stone_button":2,"minecraft:lectern":250,"minecraft:fire_charge":4,"minecraft:wooden_sword":37,"minecraft:stone_sword":311,"minecraft:trial_key":11,"minecraft:netherrack":2134,"minecraft:anvil":11,"minecraft:nether_brick_slab":1,"minecraft:jungle_trapdoor":3,"minecraft:shroomlight":35,"minecraft:rooted_dirt":69,"minecraft:iron_axe":1097,"minecraft:smooth_quartz":12,"minecraft:totem_of_undying":11,"minecraft:mud_bricks":9,"minecraft:cobbled_deepslate":1432,"minecraft:hanging_roots":3,"minecraft:golden_axe":8,"minecraft:water_bucket":936,"minecraft:mangrove_wood":3,"minecraft:cartography_table":4,"minecraft:smooth_sandstone_slab":10,"minecraft:fletching_table":6,"minecraft:polished_blackstone_bricks":97,"minecraft:gilded_blackstone":5,"minecraft:salmon":6,"minecraft:mossy_cobblestone":3,"minecraft:tnt":31,"minecraft:crafting_table":60,"minecraft:cake":1,"minecraft:oak_log":5,"minecraft:mud":6,"minecraft:dark_prismarine":120,"minecraft:iron_pickaxe":7829,"minecraft:purpur_slab":2,"minecraft:cobblestone":415,"minecraft:sandstone_slab":24,"minecraft:candle":4,"minecraft:iron_shovel":158,"minecraft:shield":1057,"minecraft:iron_sword":3377,"minecraft:player_head":2,"minecraft:smooth_sandstone_stairs":4,"minecraft:iron_chestplate":8,"minecraft:nether_bricks":25,"minecraft:carrot":55,"minecraft:tuff":18,"minecraft:cyan_terracotta":44,"minecraft:packed_mud":10,"minecraft:iron_helmet":10,"minecraft:magma_block":1,"minecraft:hay_block":1,"minecraft:golden_boots":1,"minecraft:ender_pearl":103,"minecraft:yellow_terracotta":3,"minecraft:firework_rocket":195,"minecraft:light_gray_concrete":5,"minecraft:melon_slice":141,"minecraft:cyan_bed":6,"minecraft:string":3,"minecraft:gravel":12,"minecraft:smooth_red_sandstone_slab":55,"minecraft:chainmail_boots":1,"minecraft:grindstone":1,"minecraft:andesite":1,"minecraft:air":1,"minecraft:golden_pickaxe":96,"minecraft:experience_bottle":36,"minecraft:purpur_block":1,"minecraft:jungle_leaves":9,"minecraft:stone_shovel":187,"minecraft:spruce_planks":60,"minecraft:spyglass":49,"minecraft:spruce_stairs":1,"minecraft:diamond_helmet":5,"minecraft:shulker_box":276,"minecraft:dark_oak_planks":82,"minecraft:bookshelf":25,"minecraft:crimson_planks":4,"minecraft:light_gray_wool":1,"minecraft:golden_carrot":65,"minecraft:brown_bed":16,"minecraft:cooked_mutton":6,"minecraft:glass_bottle":15,"minecraft:polished_andesite":36,"minecraft:jungle_wood":8,"minecraft:terracotta":3,"minecraft:lime_bed":7,"minecraft:smooth_red_sandstone_stairs":32,"minecraft:smoker":16,"minecraft:dark_oak_door":1,"minecraft:acacia_stairs":4,"minecraft:cracked_polished_blackstone_bricks":15,"minecraft:jungle_door":6,"minecraft:bucket":1102,"minecraft:yellow_bed":4,"minecraft:splash_potion":3},"minecraft:picked_up":{"minecraft:lead":13,"minecraft:stone_slab":10,"minecraft:enchanted_book":55,"minecraft:polished_deepslate":6,"minecraft:polished_blackstone_brick_stairs":1,"minecraft:string":310,"minecraft:beetroot_soup":5,"minecraft:shroomlight":118,"minecraft:diamond_leggings":26,"minecraft:trial_key":57,"minecraft:big_dripleaf":18,"minecraft:acacia_log":5,"minecraft:purpur_pillar":11,"minecraft:golden_axe":6,"minecraft:lightning_rod":8,"minecraft:golden_chestplate":3,"minecraft:cauldron":8,"minecraft:stone_sword":12,"minecraft:blackstone_wall":2,"minecraft:end_rod":22,"minecraft:white_terracotta":4,"minecraft:waxed_cut_copper":4,"minecraft:blaze_rod":23,"minecraft:iron_bars":1,"minecraft:snowball":11,"minecraft:dune_armor_trim_smithing_template":36,"minecraft:cooked_beef":11,"minecraft:feather":15,"minecraft:water_bucket":88,"minecraft:dark_oak_boat":3,"minecraft:flint":75,"minecraft:lantern":8,"minecraft:hanging_roots":3,"minecraft:dark_oak_sign":7,"minecraft:diamond_helmet":42,"minecraft:rabbit":6,"minecraft:stripped_acacia_wood":48,"minecraft:stripped_spruce_log":41,"minecraft:acacia_stairs":6,"minecraft:iron_hoe":2,"minecraft:polished_andesite":57,"minecraft:blue_terracotta":1,"minecraft:lever":2,"minecraft:granite":7,"minecraft:golden_horse_armor":6,"minecraft:rooted_dirt":164,"minecraft:jack_o_lantern":2,"minecraft:ominous_trial_key":7,"minecraft:diamond_pickaxe":39,"minecraft:crimson_roots":2,"minecraft:mud":21,"minecraft:ominous_bottle":12,"minecraft:clay_ball":523,"minecraft:leather_leggings":9,"minecraft:dragon_head":3,"minecraft:purpur_block":65,"minecraft:cornflower":3,"minecraft:elytra":22,"minecraft:flint_and_steel":48,"minecraft:white_carpet":3,"minecraft:iron_shovel":1,"minecraft:jungle_sapling":12,"minecraft:poppy":17,"minecraft:spruce_slab":30,"minecraft:piston":1,"minecraft:stone":16,"minecraft:raw_gold_block":4,"minecraft:fire_charge":69,"minecraft:flow_pottery_sherd":1,"minecraft:netherite_pickaxe":8,"minecraft:diamond_chestplate":48,"minecraft:stone_shovel":4,"minecraft:decorated_pot":32,"minecraft:purpur_slab":5,"minecraft:hay_block":496,"minecraft:yellow_terracotta":3,"minecraft:totem_of_undying":59,"minecraft:mutton":2,"minecraft:rail":14,"minecraft:bone_block":208,"minecraft:lime_bed":12,"minecraft:mud_bricks":169,"minecraft:smooth_red_sandstone":115,"minecraft:tripwire_hook":7,"minecraft:jungle_fence":4,"minecraft:blackstone_slab":2,"minecraft:acacia_wood":32,"minecraft:packed_mud":108,"minecraft:purpur_stairs":16,"minecraft:lily_pad":10,"minecraft:apple":153,"minecraft:stone_pickaxe":3,"minecraft:gray_bed":1,"minecraft:dark_oak_stairs":24,"minecraft:smooth_basalt":4,"minecraft:red_wool":8,"minecraft:crimson_stairs":19,"minecraft:crying_obsidian":3,"minecraft:leather_helmet":3,"minecraft:oak_wood":48,"minecraft:diamond_shovel":21,"minecraft:slime_ball":126,"minecraft:birch_sign":7,"minecraft:baked_potato":4363,"minecraft:ender_chest":29,"minecraft:nether_brick_fence":8,"minecraft:gilded_blackstone":10,"minecraft:stone_brick_stairs":4,"minecraft:dead_tube_coral_block":5,"minecraft:waxed_cut_copper_slab":2,"minecraft:experience_bottle":19,"minecraft:smooth_red_sandstone_slab":71,"minecraft:red_sand":301,"minecraft:smooth_stone":1,"minecraft:bucket":61,"minecraft:white_tulip":1,"minecraft:iron_pickaxe":134,"minecraft:ender_eye":16,"minecraft:azalea":30,"minecraft:wooden_shovel":1,"minecraft:smooth_quartz":171,"minecraft:tipped_arrow":127,"minecraft:polished_deepslate_stairs":1,"minecraft:spruce_stairs":21,"minecraft:goat_horn":5,"minecraft:rotten_flesh":2244,"minecraft:mangrove_roots":1,"minecraft:obsidian":402,"minecraft:blaze_powder":4,"minecraft:cobblestone":2519,"minecraft:pink_petals":27,"minecraft:leather_chestplate":12,"minecraft:cherry_planks":39,"minecraft:lilac":2,"minecraft:repeater":2,"minecraft:andesite":33,"minecraft:golden_leggings":6,"minecraft:mud_brick_stairs":6,"minecraft:oxidized_copper_bulb":1,"minecraft:potato":3530,"minecraft:smooth_sandstone_stairs":39,"minecraft:dirt":415,"minecraft:cut_sandstone_slab":2,"minecraft:name_tag":11,"minecraft:bone":1391,"minecraft:acacia_planks":64,"minecraft:bow":89,"minecraft:wheat_seeds":574,"minecraft:grindstone":1,"minecraft:bolt_armor_trim_smithing_template":4,"minecraft:fletching_table":6,"minecraft:mossy_stone_bricks":2,"minecraft:bamboo":315,"minecraft:scrape_pottery_sherd":2,"minecraft:melon":114,"minecraft:nether_brick_stairs":6,"minecraft:grass_block":5,"minecraft:jungle_slab":2,"minecraft:mossy_cobblestone":9,"minecraft:jungle_leaves":62,"minecraft:light_gray_terracotta":1,"minecraft:sugar":52,"minecraft:soul_lantern":3,"minecraft:cracked_polished_blackstone_bricks":15,"minecraft:crossbow":51,"minecraft:breeze_rod":22,"minecraft:bone_meal":1585,"minecraft:golden_apple":125,"minecraft:spruce_sign":1,"minecraft:emerald":980,"minecraft:netherrack":4481,"minecraft:chorus_fruit":1346,"minecraft:oak_leaves":101,"minecraft:waxed_oxidized_cut_copper":3,"minecraft:azure_bluet":3,"minecraft:splash_potion":11,"minecraft:ladder":3,"minecraft:brown_mushroom":12,"minecraft:stone_brick_wall":2,"minecraft:shield":148,"minecraft:brick":328,"minecraft:end_stone_brick_wall":13,"minecraft:moss_carpet":109,"minecraft:blackstone":23,"minecraft:end_stone":2977,"minecraft:polished_blackstone_bricks":114,"minecraft:trident":2,"minecraft:purple_terracotta":50,"minecraft:nether_bricks":117,"minecraft:black_banner":2,"minecraft:skeleton_skull":13,"minecraft:basalt":117,"minecraft:golden_carrot":288,"minecraft:leather":35,"minecraft:chainmail_chestplate":11,"minecraft:yellow_bed":4,"minecraft:gunpowder":478,"minecraft:orange_terracotta":60,"minecraft:cooked_mutton":20,"minecraft:rabbit_hide":5,"minecraft:spruce_wood":32,"minecraft:iron_ingot":956,"minecraft:cooked_chicken":8,"minecraft:emerald_block":2,"minecraft:black_candle":36,"minecraft:quartz":25,"minecraft:lava_bucket":22,"minecraft:amethyst_shard":131,"minecraft:red_banner":3,"minecraft:nether_brick_slab":9,"minecraft:pumpkin_seeds":14,"minecraft:white_concrete_powder":6,"minecraft:chainmail_leggings":2,"minecraft:terracotta":23,"minecraft:netherite_hoe":4,"minecraft:end_stone_brick_slab":3,"minecraft:dark_oak_wood":39,"minecraft:sunflower":2,"minecraft:wooden_axe":5,"minecraft:iron_chestplate":57,"minecraft:chainmail_boots":12,"minecraft:flower_pot":4,"minecraft:anvil":19,"minecraft:diamond_sword":63,"minecraft:oak_stairs":1,"minecraft:brown_bed":22,"minecraft:wither_rose":17,"minecraft:golden_shovel":1,"minecraft:brewing_stand":10,"minecraft:golden_sword":2,"minecraft:amethyst_block":1,"minecraft:dark_oak_trapdoor":18,"minecraft:soul_soil":59,"minecraft:cooked_salmon":292,"minecraft:beetroot":4,"minecraft:gold_nugget":45,"minecraft:cobbled_deepslate":4861,"minecraft:spruce_planks":187,"minecraft:netherite_upgrade_smithing_template":1,"minecraft:enchanted_golden_apple":6,"minecraft:melon_slice":313,"minecraft:coal_block":51,"minecraft:mangrove_log":48,"minecraft:dark_oak_door":4,"minecraft:beehive":1,"minecraft:composter":15,"minecraft:green_bed":11,"minecraft:bamboo_slab":6,"minecraft:sandstone_wall":2,"minecraft:cherry_log":21,"minecraft:waxed_copper_grate":9,"minecraft:tropical_fish":96,"minecraft:cyan_terracotta":202,"minecraft:magma_block":4,"minecraft:jungle_log":669,"minecraft:iron_door":1,"minecraft:jungle_wood":162,"minecraft:smoker":37,"minecraft:map":2,"minecraft:gray_concrete":48,"minecraft:brown_candle":10,"minecraft:glowstone_dust":6,"minecraft:moss_block":117,"minecraft:warped_wart_block":13,"minecraft:ink_sac":16,"minecraft:dark_oak_log":83,"minecraft:barrel":13,"minecraft:dead_brain_coral_block":10,"minecraft:chainmail_helmet":1,"minecraft:bread":2098,"minecraft:dark_oak_fence":28,"minecraft:bricks":1,"minecraft:coarse_dirt":46,"minecraft:crafting_table":54,"minecraft:sandstone_slab":30,"minecraft:nether_wart":7,"minecraft:dead_horn_coral_block":4,"minecraft:wind_charge":56,"minecraft:jungle_trapdoor":1,"minecraft:red_bed":4,"minecraft:netherite_scrap":5,"minecraft:cracked_stone_bricks":2,"minecraft:cartography_table":6,"minecraft:beef":36,"minecraft:chiseled_tuff":8,"minecraft:iron_nugget":168,"minecraft:guster_pottery_sherd":1,"minecraft:quartz_stairs":4,"minecraft:chest":16,"minecraft:egg":8,"minecraft:sandstone":78,"minecraft:spruce_fence":6,"minecraft:cake":1,"minecraft:carrot":63,"minecraft:redstone":188,"minecraft:tnt":189,"minecraft:peony":6,"minecraft:shears":7,"minecraft:diamond_boots":25,"minecraft:gold_ingot":357,"minecraft:tuff_bricks":58,"minecraft:glow_berries":207,"minecraft:white_wool":4,"minecraft:smooth_red_sandstone_stairs":20,"minecraft:red_mushroom":25,"minecraft:ochre_froglight":1,"minecraft:filled_map":4,"minecraft:oak_log":48,"minecraft:golden_boots":14,"minecraft:blue_bed":1,"minecraft:white_banner":42,"minecraft:stone_bricks":12,"minecraft:glass_bottle":22,"minecraft:mangrove_planks":589,"minecraft:iron_sword":155,"minecraft:flowering_azalea":16,"minecraft:dark_oak_slab":47,"minecraft:spyglass":13,"minecraft:gravel":94,"minecraft:birch_stairs":17,"minecraft:spruce_sapling":6,"minecraft:spruce_log":51,"minecraft:polished_tuff":2,"minecraft:firework_rocket":1845,"minecraft:stone_axe":14,"minecraft:diamond_axe":3,"minecraft:gray_wool":5,"minecraft:warped_roots":3,"minecraft:melon_seeds":26,"minecraft:ender_pearl":233,"minecraft:shulker_shell":67,"minecraft:wheat":49,"minecraft:potion":56,"minecraft:nether_brick":6,"minecraft:crimson_planks":29,"minecraft:raw_copper":53,"minecraft:smooth_stone_slab":22,"minecraft:iron_leggings":75,"minecraft:armor_stand":6,"minecraft:sticky_piston":26,"minecraft:netherite_ingot":8,"minecraft:redstone_torch":6,"minecraft:calcite":13,"minecraft:bamboo_mosaic_stairs":1,"minecraft:furnace":31,"minecraft:iron_boots":68,"minecraft:stick":283,"minecraft:jungle_door":12,"minecraft:brown_terracotta":18,"minecraft:torch":672,"minecraft:dried_kelp":7,"minecraft:porkchop":73,"minecraft:pointed_dripstone":31,"minecraft:quartz_block":3,"minecraft:cactus":330,"minecraft:magma_cream":35,"minecraft:chiseled_quartz_block":21,"minecraft:tuff":450,"minecraft:wither_skeleton_skull":1,"minecraft:lapis_lazuli":137,"minecraft:oxidized_copper_door":1,"minecraft:polished_granite":3,"minecraft:leather_boots":5,"minecraft:raw_gold":87,"minecraft:cobbled_deepslate_slab":10,"minecraft:oak_planks":380,"minecraft:ghast_tear":2,"minecraft:cooked_porkchop":25,"minecraft:axolotl_bucket":1,"minecraft:poisonous_potato":27,"minecraft:jungle_planks":233,"minecraft:sand":1424,"minecraft:cyan_bed":7,"minecraft:shulker_box":305,"minecraft:chiseled_sandstone":35,"minecraft:dark_prismarine":251,"minecraft:light_gray_concrete":42,"minecraft:dark_prismarine_slab":2,"minecraft:mangrove_wood":118,"minecraft:clay":16,"minecraft:diamond":436,"minecraft:polished_blackstone_button":3,"minecraft:oak_sapling":3,"minecraft:end_stone_bricks":195,"minecraft:cocoa_beans":6,"minecraft:lingering_potion":1,"minecraft:fishing_rod":1,"minecraft:charcoal":80,"minecraft:end_stone_brick_stairs":4,"minecraft:chicken":10,"minecraft:wooden_pickaxe":7,"minecraft:gold_block":15,"minecraft:diamond_horse_armor":5,"minecraft:dragon_breath":1,"minecraft:iron_axe":60,"minecraft:wooden_sword":1,"minecraft:item_frame":1,"minecraft:candle":4,"minecraft:oak_boat":12,"minecraft:player_head":52,"minecraft:observer":6,"minecraft:light_gray_wool":20,"minecraft:lectern":255,"minecraft:sugar_cane":66,"minecraft:phantom_membrane":25,"minecraft:cherry_trapdoor":6,"minecraft:spruce_trapdoor":1,"minecraft:dark_oak_sapling":2,"minecraft:stripped_crimson_hyphae":7,"minecraft:raw_iron":688,"minecraft:copper_ingot":12,"minecraft:stone_button":54,"minecraft:iron_horse_armor":7,"minecraft:dark_oak_planks":710,"minecraft:smooth_sandstone_slab":13,"minecraft:arrow":4253,"minecraft:light_blue_stained_glass_pane":1,"minecraft:jungle_stairs":10,"minecraft:saddle":27,"minecraft:glow_ink_sac":11,"minecraft:salmon":216,"minecraft:cut_sandstone":78,"minecraft:birch_planks":48,"minecraft:waxed_copper_block":17,"minecraft:cobblestone_stairs":1,"minecraft:smooth_sandstone":820,"minecraft:red_sandstone":29,"minecraft:soul_sand":58,"minecraft:book":346,"minecraft:oak_slab":17,"minecraft:bamboo_planks":12,"minecraft:pumpkin":4,"minecraft:raw_iron_block":1,"minecraft:dripstone_block":23,"minecraft:mud_brick_wall":1,"minecraft:blast_furnace":38,"minecraft:white_bed":13,"minecraft:green_carpet":1,"minecraft:spider_eye":139,"minecraft:campfire":3,"minecraft:honey_block":1,"minecraft:dead_bubble_coral_block":6,"minecraft:iron_helmet":73,"minecraft:stripped_jungle_wood":6,"minecraft:acacia_slab":3,"minecraft:coal":725,"minecraft:chiseled_tuff_bricks":5},"minecraft:mined":{"minecraft:dragon_wall_head":4,"minecraft:cut_sandstone_slab":1,"minecraft:white_bed":10,"minecraft:red_nether_bricks":1,"minecraft:granite":9,"minecraft:acacia_log":1,"minecraft:nether_wart":3,"minecraft:spawner":47,"minecraft:polished_blackstone_bricks":123,"minecraft:magma_block":6,"minecraft:dark_oak_trapdoor":8,"minecraft:fire":299,"minecraft:barrel":2,"minecraft:cobbled_deepslate":89,"minecraft:fletching_table":5,"minecraft:deepslate_lapis_ore":12,"minecraft:nether_brick_stairs":6,"minecraft:light_gray_concrete":45,"minecraft:green_carpet":1,"minecraft:spruce_wood":4,"minecraft:player_head":14,"minecraft:tripwire":2,"minecraft:jungle_trapdoor":1,"minecraft:bamboo_slab":3,"minecraft:sandstone_slab":29,"minecraft:cut_sandstone":56,"minecraft:smoker":11,"minecraft:powder_snow":9,"minecraft:torch":42,"minecraft:note_block":1,"minecraft:dark_oak_wood":38,"minecraft:melon":118,"minecraft:dead_bush":8,"minecraft:nether_brick_slab":2,"minecraft:sugar_cane":40,"minecraft:bricks":1,"minecraft:amethyst_block":5,"minecraft:white_terracotta":4,"minecraft:repeater":1,"minecraft:jungle_wood":158,"minecraft:mud":16,"minecraft:smooth_quartz":100,"minecraft:sandstone_wall":1,"minecraft:mangrove_log":44,"minecraft:smooth_basalt":2,"minecraft:brown_candle":2,"minecraft:deepslate":4759,"minecraft:suspicious_gravel":1,"minecraft:dark_prismarine":177,"minecraft:mossy_cobblestone":11,"minecraft:dark_oak_log":7,"minecraft:end_stone":2592,"minecraft:dark_oak_fence":16,"minecraft:spruce_fence":7,"minecraft:stripped_jungle_wood":6,"minecraft:redstone_wire":4,"minecraft:cartography_table":6,"minecraft:red_mushroom":2,"minecraft:white_concrete_powder":6,"minecraft:magenta_stained_glass_pane":2,"minecraft:redstone_ore":1,"minecraft:waxed_oxidized_cut_copper":3,"minecraft:packed_mud":62,"minecraft:suspicious_sand":2,"minecraft:andesite":42,"minecraft:big_dripleaf_stem":2,"minecraft:vine":41,"minecraft:bone_block":209,"minecraft:ender_chest":12,"minecraft:oak_slab":13,"minecraft:birch_stairs":3,"minecraft:soul_sand":14,"minecraft:mangrove_wood":65,"minecraft:campfire":2,"minecraft:lightning_rod":8,"minecraft:purpur_pillar":26,"minecraft:tall_grass":28,"minecraft:copper_ore":8,"minecraft:deepslate_gold_ore":37,"minecraft:diorite":1,"minecraft:warped_wart_block":7,"minecraft:coarse_dirt":35,"minecraft:dark_oak_wall_sign":5,"minecraft:sunflower":1,"minecraft:gravel":124,"minecraft:cobweb":53,"minecraft:brown_terracotta":19,"minecraft:stone_bricks":14,"minecraft:fern":84,"minecraft:orange_stained_glass":1,"minecraft:end_stone_brick_wall":11,"minecraft:brewing_stand":4,"minecraft:budding_amethyst":1,"minecraft:cracked_polished_blackstone_bricks":13,"minecraft:composter":14,"minecraft:gilded_blackstone":6,"minecraft:brown_bed":17,"minecraft:pointed_dripstone":9,"minecraft:azalea":4,"minecraft:spruce_slab":23,"minecraft:waxed_cut_copper":2,"minecraft:deepslate_redstone_ore":2,"minecraft:jungle_door":4,"minecraft:quartz_block":3,"minecraft:orange_terracotta":58,"minecraft:purpur_stairs":21,"minecraft:light_gray_terracotta":1,"minecraft:jungle_stairs":5,"minecraft:end_stone_brick_slab":5,"minecraft:nether_quartz_ore":12,"minecraft:oak_planks":42,"minecraft:wall_torch":44,"minecraft:cauldron":4,"minecraft:warped_nylium":23,"minecraft:blue_terracotta":6,"minecraft:dark_oak_slab":32,"minecraft:tnt":37,"minecraft:smooth_stone_slab":6,"minecraft:oak_log":38,"minecraft:dirt":53,"minecraft:crying_obsidian":1,"minecraft:quartz_stairs":5,"minecraft:dark_oak_leaves":6,"minecraft:ladder":1,"minecraft:purple_terracotta":11,"minecraft:stone_button":1,"minecraft:decorated_pot":118,"minecraft:spruce_leaves":67,"minecraft:acacia_slab":3,"minecraft:hay_block":190,"minecraft:raw_gold_block":2,"minecraft:nether_sprouts":2,"minecraft:peony":4,"minecraft:gold_block":6,"minecraft:nether_brick_fence":10,"minecraft:bookshelf":21,"minecraft:deepslate_iron_ore":340,"minecraft:shroomlight":67,"minecraft:acacia_leaves":4,"minecraft:magenta_stained_glass":3,"minecraft:basalt":91,"minecraft:honey_block":1,"minecraft:structure_void":2,"minecraft:deepslate_coal_ore":1,"minecraft:polished_blackstone_brick_stairs":1,"minecraft:birch_planks":19,"minecraft:end_stone_brick_stairs":7,"minecraft:black_wall_banner":1,"minecraft:mangrove_planks":17,"minecraft:ochre_froglight":1,"minecraft:cherry_leaves":2,"minecraft:flower_pot":2,"minecraft:cracked_stone_bricks":2,"minecraft:stripped_acacia_wood":34,"minecraft:small_dripleaf":2,"minecraft:mossy_stone_bricks":6,"minecraft:dark_oak_planks":140,"minecraft:cherry_log":21,"minecraft:jungle_leaves":238,"minecraft:obsidian":183,"minecraft:red_sand":172,"minecraft:smooth_red_sandstone_stairs":20,"minecraft:jungle_log":196,"minecraft:deepslate_bricks":1,"minecraft:coal_block":20,"minecraft:purpur_slab":6,"minecraft:chiseled_tuff_bricks":4,"minecraft:tall_seagrass":10,"minecraft:sticky_piston":1,"minecraft:pumpkin":3,"minecraft:moss_carpet":1,"minecraft:smooth_red_sandstone":113,"minecraft:cave_vines":173,"minecraft:water_cauldron":2,"minecraft:dirt_path":17,"minecraft:oak_stairs":1,"minecraft:small_amethyst_bud":1,"minecraft:smooth_sandstone_stairs":5,"minecraft:stripped_mangrove_wood":2,"minecraft:piston_head":3,"minecraft:brown_mushroom":12,"minecraft:red_bed":1,"minecraft:soul_fire":123,"minecraft:amethyst_cluster":3,"minecraft:blast_furnace":16,"minecraft:mud_brick_stairs":4,"minecraft:cyan_bed":9,"minecraft:smooth_sandstone_slab":14,"minecraft:skeleton_skull":5,"minecraft:light_gray_stained_glass":16,"minecraft:wheat":6,"minecraft:waxed_copper_block":16,"minecraft:stone_brick_stairs":3,"minecraft:piston":1,"minecraft:yellow_terracotta":3,"minecraft:light_blue_stained_glass_pane":1,"minecraft:jack_o_lantern":2,"minecraft:shulker_box":299,"minecraft:nether_bricks":84,"minecraft:cobbled_deepslate_slab":8,"minecraft:jungle_planks":22,"minecraft:crimson_roots":2,"minecraft:moss_block":45,"minecraft:black_stained_glass_pane":7,"minecraft:waxed_copper_grate":8,"minecraft:red_sandstone":24,"minecraft:acacia_wood":23,"minecraft:chiseled_tuff":2,"minecraft:potatoes":674,"minecraft:bamboo":2,"minecraft:light_gray_carpet":2,"minecraft:gray_concrete":33,"minecraft:observer":2,"minecraft:smooth_sandstone":416,"minecraft:short_grass":388,"minecraft:smooth_red_sandstone_slab":10,"minecraft:big_dripleaf":4,"minecraft:spruce_log":51,"minecraft:jungle_fence":2,"minecraft:dripstone_block":12,"minecraft:acacia_planks":29,"minecraft:waxed_cut_copper_slab":2,"minecraft:large_amethyst_bud":1,"minecraft:spruce_planks":86,"minecraft:attached_melon_stem":3,"minecraft:jungle_slab":1,"minecraft:cobblestone_stairs":1,"minecraft:potted_cactus":1,"minecraft:cave_vines_plant":112,"minecraft:stripped_crimson_hyphae":8,"minecraft:grass_block":211,"minecraft:dead_tube_coral_block":8,"minecraft:soul_soil":11,"minecraft:mud_bricks":111,"minecraft:mud_brick_wall":1,"minecraft:tuff_bricks":70,"minecraft:smooth_stone":1,"minecraft:raw_iron_block":1,"minecraft:iron_ore":88,"minecraft:polished_tuff":3,"minecraft:anvil":9,"minecraft:azure_bluet":1,"minecraft:dark_oak_stairs":17,"minecraft:azalea_leaves":4,"minecraft:end_stone_bricks":145,"minecraft:green_bed":12,"minecraft:cyan_terracotta":200,"minecraft:blackstone":15,"minecraft:dead_bubble_coral_block":7,"minecraft:soul_lantern":3,"minecraft:chiseled_quartz_block":17,"minecraft:clay":112,"minecraft:calcite":21,"minecraft:chest":15,"minecraft:cobblestone":120,"minecraft:grindstone":1,"minecraft:deepslate_copper_ore":6,"minecraft:pink_petals":10,"minecraft:seagrass":17,"minecraft:light_gray_wool":13,"minecraft:purpur_block":84,"minecraft:waxed_oxidized_copper":1,"minecraft:sand":621,"minecraft:tripwire_hook":3,"minecraft:netherrack":3140,"minecraft:oak_leaves":117,"minecraft:nether_gold_ore":9,"minecraft:red_carpet":2,"minecraft:tuff":410,"minecraft:blackstone_wall":1,"minecraft:potted_wither_rose":1,"minecraft:deepslate_diamond_ore":171,"minecraft:candle":1,"minecraft:sandstone":116,"minecraft:rooted_dirt":61,"minecraft:furnace":12,"minecraft:carrots":1,"minecraft:chiseled_sandstone":16,"minecraft:acacia_stairs":7,"minecraft:stripped_spruce_log":27,"minecraft:dead_horn_coral_block":5,"minecraft:polished_deepslate":11,"minecraft:lantern":5,"minecraft:chorus_plant":42,"minecraft:stone":2173,"minecraft:white_tulip":1,"minecraft:podzol":6,"minecraft:waxed_exposed_copper_bulb":1,"minecraft:flowering_azalea":3,"minecraft:infested_stone_bricks":1,"minecraft:crafting_table":27,"minecraft:blackstone_slab":2,"minecraft:oak_wood":38,"minecraft:lectern":255,"minecraft:lily_pad":5,"minecraft:blue_bed":1,"minecraft:spruce_stairs":9,"minecraft:gray_wool":5,"minecraft:lime_bed":8,"minecraft:cactus":15,"minecraft:beehive":1,"minecraft:yellow_bed":4,"minecraft:dead_brain_coral_block":15,"minecraft:coal_ore":98,"minecraft:end_rod":16,"minecraft:bamboo_mosaic_stairs":1,"minecraft:terracotta":22,"minecraft:polished_andesite":43},"minecraft:broken":{"minecraft:diamond_helmet":2,"minecraft:iron_leggings":2,"minecraft:crossbow":1,"minecraft:shield":14,"minecraft:iron_pickaxe":15,"minecraft:leather_leggings":1,"minecraft:stone_pickaxe":3,"minecraft:diamond_boots":1,"minecraft:stone_shovel":1,"minecraft:diamond_chestplate":1,"minecraft:iron_boots":3,"minecraft:iron_chestplate":1,"minecraft:golden_sword":1,"minecraft:iron_sword":2,"minecraft:bow":1,"minecraft:stone_sword":1,"minecraft:iron_axe":1,"minecraft:iron_helmet":3,"minecraft:wooden_axe":4,"minecraft:golden_pickaxe":3},"minecraft:crafted":{"minecraft:blaze_powder":24,"minecraft:shulker_box":1,"minecraft:diamond_helmet":8,"minecraft:golden_axe":1,"minecraft:smooth_red_sandstone_stairs":12,"minecraft:smithing_table":2,"minecraft:golden_pickaxe":3,"minecraft:wooden_hoe":2,"minecraft:stone_slab":6,"minecraft:iron_pickaxe":27,"minecraft:sandstone":1,"minecraft:composter":1,"minecraft:golden_carrot":66,"minecraft:iron_nugget":504,"minecraft:spyglass":3,"minecraft:lantern":9,"minecraft:stone_pickaxe":13,"minecraft:enchanted_book":37,"minecraft:fermented_spider_eye":8,"minecraft:mangrove_slab":12,"minecraft:grindstone":1,"minecraft:cooked_chicken":1,"minecraft:stone":20,"minecraft:bow":7,"minecraft:chest":29,"minecraft:ender_eye":17,"minecraft:golden_boots":1,"minecraft:arrow":1072,"minecraft:cauldron":3,"minecraft:iron_helmet":12,"minecraft:apple":52,"minecraft:spruce_trapdoor":2,"minecraft:stick":404,"minecraft:iron_ingot":568,"minecraft:blast_furnace":2,"minecraft:furnace":26,"minecraft:smooth_sandstone_stairs":4,"minecraft:jungle_wood":3,"minecraft:iron_sword":16,"minecraft:cooked_salmon":143,"minecraft:mangrove_planks":256,"minecraft:jungle_planks":640,"minecraft:jungle_door":6,"minecraft:anvil":1,"minecraft:torch":20,"minecraft:diamond_chestplate":7,"minecraft:ender_chest":15,"minecraft:smooth_stone":11,"minecraft:bookshelf":25,"minecraft:cooked_mutton":3,"minecraft:glass":37,"minecraft:diamond_leggings":5,"minecraft:glass_bottle":12,"minecraft:wooden_shovel":3,"minecraft:emerald":126,"minecraft:cooked_porkchop":25,"minecraft:diamond_axe":3,"minecraft:copper_ingot":36,"minecraft:campfire":1,"minecraft:iron_block":3,"minecraft:gold_ingot":93,"minecraft:stone_shovel":3,"minecraft:smooth_stone_slab":6,"minecraft:smooth_red_sandstone_slab":66,"minecraft:bone_meal":2403,"minecraft:cherry_trapdoor":2,"minecraft:diamond_boots":4,"minecraft:dark_oak_planks":404,"minecraft:wheat":1943,"minecraft:crossbow":4,"minecraft:golden_apple":45,"minecraft:wooden_axe":9,"minecraft:iron_leggings":12,"minecraft:oak_planks":232,"minecraft:dark_oak_boat":5,"minecraft:suspicious_stew":1,"minecraft:dark_oak_door":3,"minecraft:iron_boots":15,"minecraft:golden_sword":2,"minecraft:smoker":8,"minecraft:crafting_table":49,"minecraft:spruce_planks":304,"minecraft:baked_potato":1630,"minecraft:wooden_pickaxe":10,"minecraft:iron_chestplate":12,"minecraft:charcoal":14,"minecraft:diamond_pickaxe":11,"minecraft:shield":60,"minecraft:stone_sword":7,"minecraft:cherry_planks":72,"minecraft:cobbled_deepslate_slab":6,"minecraft:wooden_sword":4,"minecraft:redstone":2,"minecraft:dark_oak_trapdoor":2,"minecraft:jungle_trapdoor":2,"minecraft:iron_axe":7,"minecraft:cooked_beef":3,"minecraft:sugar":56,"minecraft:bone_block":64,"minecraft:diamond_sword":7,"minecraft:bucket":23,"minecraft:stone_axe":1,"minecraft:air":0,"minecraft:bread":715,"minecraft:oak_boat":1,"minecraft:smooth_sandstone_slab":6,"minecraft:raw_gold":18,"minecraft:acacia_planks":100},"minecraft:custom":{"minecraft:interact_with_crafting_table":577,"minecraft:damage_blocked_by_shield":78022,"minecraft:play_time":4793432,"minecraft:deaths":269,"minecraft:jump":70347,"minecraft:interact_with_cartography_table":1,"minecraft:interact_with_smoker":323,"minecraft:inspect_dispenser":11,"minecraft:horse_one_cm":1821309,"minecraft:interact_with_anvil":110,"minecraft:tune_noteblock":30,"minecraft:time_since_rest":38724,"minecraft:swim_one_cm":3191621,"minecraft:open_chest":1409,"minecraft:open_shulker_box":1408,"minecraft:damage_resisted":413,"minecraft:play_noteblock":6,"minecraft:talked_to_villager":617,"minecraft:interact_with_brewingstand":51,"minecraft:fill_cauldron":5,"minecraft:damage_dealt_resisted":54,"minecraft:raid_win":1,"minecraft:boat_one_cm":576655,"minecraft:damage_taken":214506,"minecraft:aviate_one_cm":11273952,"minecraft:open_barrel":601,"minecraft:bell_ring":1,"minecraft:eat_cake_slice":10,"minecraft:leave_game":125,"minecraft:time_since_death":734264,"minecraft:enchant_item":1,"minecraft:interact_with_furnace":413,"minecraft:traded_with_villager":285,"minecraft:sleep_in_bed":72,"minecraft:damage_dealt":363577,"minecraft:use_cauldron":3,"minecraft:interact_with_smithing_table":7,"minecraft:sneak_time":278010,"minecraft:interact_with_blast_furnace":100,"minecraft:total_world_time":4793432,"minecraft:interact_with_stonecutter":1,"minecraft:fly_one_cm":11652318,"minecraft:fall_one_cm":1896647,"minecraft:animals_bred":5,"minecraft:sprint_one_cm":14468755,"minecraft:drop":4933,"minecraft:walk_on_water_one_cm":2005135,"minecraft:open_enderchest":730,"minecraft:player_kills":3,"minecraft:crouch_one_cm":458836,"minecraft:mob_kills":2292,"minecraft:climb_one_cm":265922,"minecraft:walk_one_cm":7653311,"minecraft:walk_under_water_one_cm":1171854,"minecraft:raid_trigger":4,"minecraft:interact_with_grindstone":1,"minecraft:damage_absorbed":2659,"minecraft:trigger_trapped_chest":4}},"DataVersion":3955}